date_utc,high_price_usd,low_price_usd,close_price_usd
2014-09-17,468.17401123046875,452.4219970703125,457.3340148925781
2014-09-18,456.8599853515625,413.10400390625,424.44000244140625
2014-09-19,427.8349914550781,384.5320129394531,394.7959899902344
2014-09-20,423.2959899902344,389.88299560546875,408.90399169921875
2014-09-21,412.4259948730469,393.1809997558594,398.8210144042969
2014-09-22,406.9159851074219,397.1300048828125,402.1520080566406
2014-09-23,441.5570068359375,396.1969909667969,435.7909851074219
2014-09-24,436.11199951171875,421.1319885253906,423.2049865722656
2014-09-25,423.5199890136719,409.4679870605469,411.5740051269531
2014-09-26,414.93798828125,400.0090026855469,404.42498779296875
2014-09-27,406.62298583984375,397.37200927734375,399.5199890136719
2014-09-28,401.0169982910156,374.3320007324219,377.1809997558594
2014-09-29,385.21099853515625,372.239990234375,375.4670104980469
2014-09-30,390.97698974609375,373.4429931640625,386.9440002441406
2014-10-01,391.3789978027344,380.7799987792969,383.614990234375
2014-10-02,385.49700927734375,372.9460144042969,375.0719909667969
2014-10-03,377.69500732421875,357.8590087890625,359.5119934082031
2014-10-04,364.48699951171875,325.885986328125,328.8659973144531
2014-10-05,341.8009948730469,289.2959899902344,320.510009765625
2014-10-06,345.1340026855469,302.55999755859375,330.0790100097656
2014-10-07,339.24700927734375,320.48199462890625,336.18701171875
2014-10-08,354.364013671875,327.18798828125,352.94000244140625
2014-10-09,382.72601318359375,347.68701171875,365.0260009765625
2014-10-10,375.0669860839844,352.9630126953125,361.56201171875
2014-10-11,367.1910095214844,355.95098876953125,362.29901123046875
2014-10-12,379.4330139160156,356.1440124511719,378.54901123046875
2014-10-13,397.22601318359375,368.8970031738281,390.41400146484375
2014-10-14,411.697998046875,391.3240051269531,400.8699951171875
2014-10-15,402.22698974609375,388.7659912109375,394.77301025390625
2014-10-16,398.8070068359375,373.07000732421875,382.5559997558594
2014-10-17,385.4779968261719,375.3890075683594,383.75799560546875
2014-10-18,395.1579895019531,378.97100830078125,391.4419860839844
2014-10-19,393.9389953613281,386.4570007324219,389.5459899902344
2014-10-20,390.0840148925781,378.25201416015625,382.8450012207031
2014-10-21,392.64599609375,380.8340148925781,386.4750061035156
2014-10-22,388.57598876953125,382.2489929199219,383.1579895019531
2014-10-23,385.0480041503906,356.4469909667969,358.4169921875
2014-10-24,364.3450012207031,353.30499267578125,358.3450012207031
2014-10-25,359.8609924316406,342.87701416015625,347.27099609375
2014-10-26,359.22100830078125,343.9309997558594,354.7040100097656
2014-10-27,358.6319885253906,349.8089904785156,352.989013671875
2014-10-28,359.9840087890625,352.6789855957031,357.6180114746094
2014-10-29,357.8330078125,335.3429870605469,335.59100341796875
2014-10-30,350.9129943847656,335.0719909667969,345.30499267578125
2014-10-31,348.0450134277344,337.1419982910156,338.3210144042969
2014-11-01,340.52899169921875,321.05499267578125,325.7489929199219
2014-11-02,329.04998779296875,320.6260070800781,325.8919982910156
2014-11-03,334.00201416015625,325.4809875488281,327.5539855957031
2014-11-04,331.7669982910156,325.0769958496094,330.49200439453125
2014-11-05,343.3689880371094,330.6830139160156,339.4859924316406
2014-11-06,352.96600341796875,338.42401123046875,349.2900085449219
2014-11-07,352.73199462890625,341.7760009765625,342.4150085449219
2014-11-08,347.0320129394531,342.15399169921875,345.4880065917969
2014-11-09,363.6260070800781,344.2550048828125,363.2640075683594
2014-11-10,374.8160095214844,357.5610046386719,366.92401123046875
2014-11-11,371.30999755859375,363.7349853515625,367.69500732421875
2014-11-12,429.7179870605469,367.9849853515625,423.5610046386719
2014-11-13,457.0929870605469,401.12298583984375,420.7349853515625
2014-11-14,419.25201416015625,384.78900146484375,397.8179931640625
2014-11-15,405.52801513671875,371.00799560546875,376.13299560546875
2014-11-16,390.79901123046875,374.60198974609375,387.8819885253906
2014-11-17,410.1990051269531,377.50201416015625,387.4079895019531
2014-11-18,392.4020080566406,371.11700439453125,375.197998046875
2014-11-19,386.4809875488281,373.89599609375,380.55499267578125
2014-11-20,382.0249938964844,356.781005859375,357.8399963378906
2014-11-21,357.8789978027344,344.11199951171875,350.8479919433594
2014-11-22,364.84100341796875,350.87799072265625,352.9200134277344
2014-11-23,370.8450012207031,353.17498779296875,367.572998046875
2014-11-24,387.2090148925781,366.66900634765625,376.9010009765625
2014-11-25,394.70098876953125,374.78399658203125,375.3479919433594
2014-11-26,377.697998046875,365.8160095214844,368.3699951171875
2014-11-27,373.99200439453125,368.2820129394531,369.6700134277344
2014-11-28,382.8380126953125,358.4549865722656,376.4469909667969
2014-11-29,387.60101318359375,372.1449890136719,375.4909973144531
2014-11-30,382.5270080566406,373.3089904785156,378.0469970703125
2014-12-01,383.6619873046875,376.66900634765625,379.2449951171875
2014-12-02,384.0379943847656,377.8630065917969,381.31500244140625
2014-12-03,383.0260009765625,374.34600830078125,375.010009765625
2014-12-04,378.6549987792969,367.7590026855469,369.60400390625
2014-12-05,379.1919860839844,365.7560119628906,376.85400390625
2014-12-06,378.447998046875,370.94500732421875,374.7850036621094
2014-12-07,376.2919921875,373.2749938964844,375.0950012207031
2014-12-08,376.02899169921875,361.885986328125,361.90899658203125
2014-12-09,363.0669860839844,344.95098876953125,352.218994140625
2014-12-10,352.3840026855469,346.364990234375,346.364990234375
2014-12-11,361.35699462890625,338.76300048828125,350.5060119628906
2014-12-12,352.9830017089844,349.2909851074219,352.5419921875
2014-12-13,352.3810119628906,346.5880126953125,347.3760070800781
2014-12-14,353.3160095214844,345.4179992675781,351.6319885253906
2014-12-15,351.81500244140625,344.9339904785156,345.3450012207031
2014-12-16,345.8590087890625,327.06201171875,327.06201171875
2014-12-17,333.9540100097656,315.1520080566406,319.7760009765625
2014-12-18,323.7090148925781,304.23199462890625,311.39599609375
2014-12-19,318.5329895019531,306.7690124511719,317.8429870605469
2014-12-20,330.32501220703125,316.04400634765625,329.95599365234375
2014-12-21,329.6289978027344,318.90301513671875,320.8429870605469
2014-12-22,334.11700439453125,320.42498779296875,331.885986328125
2014-12-23,336.2869873046875,329.60198974609375,334.5719909667969
2014-12-24,334.7409973144531,321.35699462890625,322.53399658203125
2014-12-25,322.6700134277344,316.9580078125,319.00799560546875
2014-12-26,331.42401123046875,316.62701416015625,327.92401123046875
2014-12-27,328.9110107421875,312.6300048828125,315.8630065917969
2014-12-28,320.02801513671875,311.0780029296875,317.239013671875
2014-12-29,320.2669982910156,312.3070068359375,312.6700134277344
2014-12-30,314.8089904785156,309.37298583984375,310.73699951171875
2014-12-31,320.1929931640625,310.21099853515625,320.1929931640625
2015-01-01,320.43499755859375,314.00299072265625,314.2489929199219
2015-01-02,315.8389892578125,313.56500244140625,315.0320129394531
2015-01-03,315.1499938964844,281.0820007324219,281.0820007324219
2015-01-04,287.2300109863281,257.61199951171875,264.19500732421875
2015-01-05,278.34100341796875,265.0840148925781,274.4739990234375
2015-01-06,287.5530090332031,272.6960144042969,286.1889953613281
2015-01-07,298.7539978027344,283.0790100097656,294.3370056152344
2015-01-08,294.135009765625,282.17498779296875,283.3489990234375
2015-01-09,291.114013671875,280.5329895019531,290.4079895019531
2015-01-10,288.12701416015625,273.96600341796875,274.7959899902344
2015-01-11,279.63800048828125,265.03900146484375,265.6600036621094
2015-01-12,272.2030029296875,265.20001220703125,267.7959899902344
2015-01-13,268.2770080566406,219.906005859375,225.86099243164062
2015-01-14,223.8939971923828,171.50999450683594,178.10299682617188
2015-01-15,229.06700134277344,176.89700317382812,209.843994140625
2015-01-16,221.59100341796875,199.77099609375,208.0970001220703
2015-01-17,211.7310028076172,194.875,199.25999450683594
2015-01-18,218.69500732421875,194.50599670410156,210.33900451660156
2015-01-19,216.72799682617188,207.3179931640625,214.86099243164062
2015-01-20,215.24099731445312,205.1529998779297,211.31500244140625
2015-01-21,227.78799438476562,211.21200561523438,226.89700317382812
2015-01-22,237.0189971923828,226.4340057373047,233.406005859375
2015-01-23,234.84500122070312,225.1959991455078,232.87899780273438
2015-01-24,248.2100067138672,230.02200317382812,247.8470001220703
2015-01-25,255.07400512695312,243.88999938964844,253.71800231933594
2015-01-26,309.3840026855469,254.07899475097656,273.4729919433594
2015-01-27,275.4800109863281,250.6529998779297,263.4750061035156
2015-01-28,266.5350036621094,227.04600524902344,233.9149932861328
2015-01-29,238.70599365234375,220.71200561523438,233.51300048828125
2015-01-30,242.8509979248047,225.83900451660156,226.4250030517578
2015-01-31,233.50399780273438,216.3090057373047,217.46400451660156
2015-02-01,231.57400512695312,212.01499938964844,226.9720001220703
2015-02-02,242.1750030517578,222.65899658203125,238.22900390625
2015-02-03,245.95700073242188,224.48300170898438,227.26800537109375
2015-02-04,230.05799865722656,221.11300659179688,226.85299682617188
2015-02-05,239.40499877929688,214.72500610351562,217.11099243164062
2015-02-06,230.50999450683594,216.23199462890625,222.26600646972656
2015-02-07,230.2989959716797,222.60699462890625,227.75399780273438
2015-02-08,229.43800354003906,221.07699584960938,223.41200256347656
2015-02-09,223.9770050048828,217.0189971923828,220.11000061035156
2015-02-10,221.8070068359375,215.33200073242188,219.83900451660156
2015-02-11,223.406005859375,218.07400512695312,219.18499755859375
2015-02-12,222.19900512695312,217.61399841308594,221.76400756835938
2015-02-13,240.25900268554688,221.26199340820312,235.427001953125
2015-02-14,259.8080139160156,235.5279998779297,257.3210144042969
2015-02-15,265.6109924316406,227.6840057373047,234.8249969482422
2015-02-16,239.52099609375,229.02200317382812,233.84300231933594
2015-02-17,245.77499389648438,232.31399536132812,243.61000061035156
2015-02-18,244.25100708007812,232.33999633789062,236.3260040283203
2015-02-19,242.6719970703125,235.5919952392578,240.2830047607422
2015-02-20,247.1009979248047,239.2989959716797,243.7790069580078
2015-02-21,255.32000732421875,243.1840057373047,244.53399658203125
2015-02-22,246.39199829101562,233.8509979248047,235.9770050048828
2015-02-23,240.10899353027344,232.42100524902344,238.89199829101562
2015-02-24,239.9010009765625,236.40199279785156,238.73500061035156
2015-02-25,239.33999633789062,235.52999877929688,237.47000122070312
2015-02-26,237.7100067138672,234.2570037841797,236.42599487304688
2015-02-27,256.65301513671875,236.43600463867188,253.8280029296875
2015-02-28,254.69200134277344,249.47900390625,254.26300048828125
2015-03-01,261.6600036621094,245.93299865722656,260.2019958496094
2015-03-02,276.3009948730469,258.31298828125,275.6700134277344
2015-03-03,285.7959899902344,268.1610107421875,281.7019958496094
2015-03-04,284.2250061035156,268.1260070800781,273.0920104980469
2015-03-05,281.6669921875,264.7690124511719,276.1780090332031
2015-03-06,277.6080017089844,270.0150146484375,272.7229919433594
2015-03-07,277.85400390625,270.13299560546875,276.260986328125
2015-03-08,277.8580017089844,272.56500244140625,274.35400390625
2015-03-09,292.70098876953125,273.89300537109375,289.60699462890625
2015-03-10,300.04400634765625,289.7430114746094,291.760009765625
2015-03-11,297.3909912109375,290.50799560546875,296.3789978027344
2015-03-12,297.0880126953125,292.4129943847656,294.35400390625
2015-03-13,294.49798583984375,285.3370056152344,285.3370056152344
2015-03-14,286.3420104980469,280.97601318359375,281.885009765625
2015-03-15,286.52899169921875,280.9960021972656,286.39300537109375
2015-03-16,294.11199951171875,285.68499755859375,290.5929870605469
2015-03-17,292.364990234375,284.3739929199219,285.5050048828125
2015-03-18,285.33599853515625,249.8699951171875,256.29901123046875
2015-03-19,264.2439880371094,248.63600158691406,260.9280090332031
2015-03-20,264.8479919433594,259.1619873046875,261.7489929199219
2015-03-21,262.1960144042969,255.64999389648438,260.0249938964844
2015-03-22,269.74700927734375,259.5899963378906,267.9599914550781
2015-03-23,277.2969970703125,261.7449951171875,266.739990234375
2015-03-24,267.00299072265625,244.15499877929688,245.59500122070312
2015-03-25,249.19000244140625,236.51499938964844,246.19700622558594
2015-03-26,254.35400390625,244.90499877929688,248.53199768066406
2015-03-27,256.8110046386719,245.21299743652344,247.0290069580078
2015-03-28,254.2050018310547,246.97500610351562,252.79800415039062
2015-03-29,253.13900756835938,240.85000610351562,242.71299743652344
2015-03-30,249.24200439453125,239.21400451660156,247.5260009765625
2015-03-31,248.72999572753906,242.73899841308594,244.2239990234375
2015-04-01,247.54100036621094,241.16000366210938,247.27200317382812
2015-04-02,254.46099853515625,245.41600036621094,253.0050048828125
2015-04-03,256.0429992675781,251.87899780273438,254.32200622558594
2015-04-04,255.25799560546875,251.10000610351562,253.69700622558594
2015-04-05,260.67498779296875,251.94200134277344,260.5979919433594
2015-04-06,261.7980041503906,254.5749969482422,255.49200439453125
2015-04-07,255.80499267578125,252.2050018310547,253.17999267578125
2015-04-08,253.8470001220703,244.21499633789062,245.02200317382812
2015-04-09,246.1179962158203,239.39999389648438,243.67599487304688
2015-04-10,243.69400024414062,232.77099609375,236.07200622558594
2015-04-11,239.53700256347656,234.1750030517578,236.552001953125
2015-04-12,237.72799682617188,233.4949951171875,236.1529998779297
2015-04-13,236.93499755859375,221.99600219726562,224.58700561523438
2015-04-14,224.9759979248047,216.322998046875,219.15899658203125
2015-04-15,223.83299255371094,218.6490020751953,223.83299255371094
2015-04-16,229.6719970703125,223.91700744628906,228.572998046875
2015-04-17,228.906005859375,221.94200134277344,222.8820037841797
2015-04-18,224.3159942626953,220.87600708007812,223.3560028076172
2015-04-19,226.35299682617188,222.3730010986328,222.60000610351562
2015-04-20,226.3509979248047,221.9770050048828,224.62600708007812
2015-04-21,235.2689971923828,224.30099487304688,235.2689971923828
2015-04-22,237.90899658203125,233.4759979248047,234.17599487304688
2015-04-23,236.47500610351562,233.19900512695312,236.46200561523438
2015-04-24,236.30499267578125,229.93299865722656,231.26800537109375
2015-04-25,232.56100463867188,226.33700561523438,226.38999938964844
2015-04-26,226.94400024414062,214.87399291992188,219.42999267578125
2015-04-27,233.30499267578125,218.0229949951172,229.28599548339844
2015-04-28,229.4949951171875,223.06900024414062,225.85499572753906
2015-04-29,227.0399932861328,223.42999267578125,225.80799865722656
2015-04-30,239.56300354003906,224.9929962158203,236.14500427246094
2015-05-01,238.96600341796875,232.07899475097656,232.07899475097656
2015-05-02,235.7270050048828,232.34100341796875,234.92999267578125
2015-05-03,243.24000549316406,234.08299255371094,240.35800170898438
2015-05-04,242.63800048828125,237.80999755859375,239.01800537109375
2015-05-05,239.20399475097656,232.0540008544922,236.12100219726562
2015-05-06,236.45399475097656,229.2310028076172,229.78199768066406
2015-05-07,239.10499572753906,228.572998046875,237.33399963378906
2015-05-08,246.27499389648438,236.2740020751953,243.86300659179688
2015-05-09,247.8040008544922,239.63900756835938,241.83200073242188
2015-05-10,244.0679931640625,238.8489990234375,240.29600524902344
2015-05-11,244.27000427246094,239.37600708007812,242.1580047607422
2015-05-12,242.88099670410156,240.0989990234375,241.11199951171875
2015-05-13,243.70399475097656,235.0449981689453,236.3769989013672
2015-05-14,237.7989959716797,234.0570068359375,236.9290008544922
2015-05-15,238.7530059814453,236.7949981689453,237.60499572753906
2015-05-16,237.69700622558594,235.2949981689453,236.1529998779297
2015-05-17,238.02499389648438,236.00999450683594,236.802001953125
2015-05-18,237.2100067138672,232.4600067138672,233.1280059814453
2015-05-19,234.1510009765625,231.81700134277344,231.94700622558594
2015-05-20,234.68299865722656,231.8419952392578,234.01800537109375
2015-05-21,236.24200439453125,233.8350067138672,235.343994140625
2015-05-22,240.968994140625,235.05999755859375,240.34800720214844
2015-05-23,241.02499389648438,238.6909942626953,238.8719940185547
2015-05-24,241.97799682617188,238.81100463867188,240.9530029296875
2015-05-25,241.02099609375,236.63699340820312,237.11000061035156
2015-05-26,238.24200439453125,235.69200134277344,237.11599731445312
2015-05-27,238.63600158691406,236.69500732421875,237.2830047607422
2015-05-28,237.82400512695312,236.65199279785156,237.4080047607422
2015-05-29,237.52200317382812,235.7310028076172,237.0959930419922
2015-05-30,237.09300231933594,232.04600524902344,233.34500122070312
2015-05-31,233.2519989013672,229.54200744628906,230.19000244140625
2015-06-01,231.71299743652344,221.29600524902344,222.92599487304688
2015-06-02,226.41600036621094,222.41900634765625,225.80299377441406
2015-06-03,227.4040069580078,223.92999267578125,225.87399291992188
2015-06-04,226.58099365234375,224.0540008544922,224.32400512695312
2015-06-05,225.96800231933594,223.1790008544922,224.95199584960938
2015-06-06,225.718994140625,224.37899780273438,225.61900329589844
2015-06-07,226.19400024414062,222.65199279785156,222.88099670410156
2015-06-08,229.46400451660156,222.83900451660156,228.48899841308594
2015-06-09,230.95399475097656,227.9290008544922,229.04800415039062
2015-06-10,229.78199768066406,228.00999450683594,228.80299377441406
2015-06-11,230.28700256347656,228.76699829101562,229.7050018310547
2015-06-12,231.0570068359375,229.31300354003906,229.98199462890625
2015-06-13,232.65199279785156,229.2100067138672,232.40199279785156
2015-06-14,234.85800170898438,232.00399780273438,233.54299926757812
2015-06-15,237.83599853515625,233.4219970703125,236.822998046875
2015-06-16,251.74200439453125,236.1219940185547,250.89500427246094
2015-06-17,256.8529968261719,246.4759979248047,249.28399658203125
2015-06-18,252.10800170898438,244.1269989013672,249.0070037841797
2015-06-19,250.9770050048828,243.78700256347656,244.6060028076172
2015-06-20,245.8280029296875,240.6269989013672,245.21200561523438
2015-06-21,245.2239990234375,241.8820037841797,243.94400024414062
2015-06-22,247.91700744628906,243.7790069580078,246.99000549316406
2015-06-23,247.3040008544922,243.13299560546875,244.29600524902344
2015-06-24,244.34100341796875,240.51499938964844,240.51499938964844
2015-06-25,243.33200073242188,240.36500549316406,242.7989959716797
2015-06-26,243.74899291992188,241.55299377441406,243.593994140625
2015-06-27,251.33900451660156,243.11700439453125,250.99000549316406
2015-06-28,251.1719970703125,247.4340057373047,249.01100158691406
2015-06-29,257.1730041503906,248.58099365234375,257.0639953613281
2015-06-30,267.86700439453125,255.9459991455078,263.0719909667969
2015-07-01,265.1719970703125,255.7740020751953,258.6210021972656
2015-07-02,261.6310119628906,254.11599731445312,255.41200256347656
2015-07-03,257.0769958496094,253.5050048828125,256.33599853515625
2015-07-04,261.4570007324219,254.1999969482422,260.885986328125
2015-07-05,274.5060119628906,258.70098876953125,271.9129943847656
2015-07-06,277.4219970703125,267.6000061035156,269.0299987792969
2015-07-07,271.34100341796875,264.8320007324219,266.2070007324219
2015-07-08,272.97100830078125,264.385986328125,270.7850036621094
2015-07-09,272.3349914550781,267.08599853515625,269.2279968261719
2015-07-10,294.59100341796875,268.802001953125,284.8940124511719
2015-07-11,298.5060119628906,283.5299987792969,293.114990234375
2015-07-12,314.3940124511719,292.5050048828125,310.86700439453125
2015-07-13,310.947998046875,281.010986328125,292.0539855957031
2015-07-14,296.1470031738281,286.63800048828125,287.4639892578125
2015-07-15,293.24798583984375,285.36700439453125,285.8290100097656
2015-07-16,291.1830139160156,275.239990234375,278.0889892578125
2015-07-17,280.2799987792969,272.0429992675781,279.47198486328125
2015-07-18,282.5270080566406,274.07501220703125,274.9010009765625
2015-07-19,275.6700134277344,272.51300048828125,273.614013671875
2015-07-20,278.9809875488281,272.9599914550781,278.9809875488281
2015-07-21,280.5469970703125,275.41900634765625,275.8330078125
2015-07-22,277.6659851074219,274.3810119628906,277.22198486328125
2015-07-23,278.1109924316406,275.71600341796875,276.04901123046875
2015-07-24,289.25299072265625,275.2539978027344,288.27801513671875
2015-07-25,290.7330017089844,286.00201416015625,288.6969909667969
2015-07-26,293.052001953125,287.70599365234375,292.6860046386719
2015-07-27,297.77398681640625,287.45001220703125,293.6239929199219
2015-07-28,296.64898681640625,293.4230041503906,294.427001953125
2015-07-29,294.5360107421875,288.7770080566406,289.5899963378906
2015-07-30,290.1260070800781,286.5679931640625,287.72198486328125
2015-07-31,288.9590148925781,282.343994140625,284.6499938964844
2015-08-01,284.9320068359375,278.11199951171875,281.60101318359375
2015-08-02,283.0320129394531,277.52899169921875,282.614013671875
2015-08-03,285.47100830078125,280.2330017089844,281.22698974609375
2015-08-04,285.7149963378906,281.2250061035156,285.2179870605469
2015-08-05,285.5010070800781,281.4880065917969,281.8819885253906
2015-08-06,281.906005859375,278.40301513671875,278.5769958496094
2015-08-07,280.3919982910156,276.3659973144531,279.5849914550781
2015-08-08,279.9280090332031,260.7099914550781,260.99700927734375
2015-08-09,267.00299072265625,260.4679870605469,265.0830078125
2015-08-10,267.0320129394531,262.59600830078125,264.4700012207031
2015-08-11,270.385986328125,264.093994140625,270.385986328125
2015-08-12,270.6730041503906,265.468994140625,266.3760070800781
2015-08-13,266.23199462890625,262.84100341796875,264.0799865722656
2015-08-14,267.46600341796875,261.4779968261719,265.67999267578125
2015-08-15,266.6669921875,261.2959899902344,261.5509948730469
2015-08-16,262.44000244140625,257.0409851074219,258.5069885253906
2015-08-17,260.5050048828125,257.11700439453125,257.97601318359375
2015-08-18,257.9930114746094,211.07899475097656,211.07899475097656
2015-08-19,237.40899658203125,222.76600646972656,226.6840057373047
2015-08-20,237.36500549316406,226.8990020751953,235.35000610351562
2015-08-21,236.4320068359375,231.7239990234375,232.56900024414062
2015-08-22,234.95700073242188,222.70399475097656,230.38999938964844
2015-08-23,232.7050018310547,225.5800018310547,228.16900634765625
2015-08-24,228.13900756835938,210.4429931640625,210.4949951171875
2015-08-25,226.3209991455078,199.56700134277344,221.60899353027344
2015-08-26,231.18299865722656,220.20399475097656,225.83099365234375
2015-08-27,228.64300537109375,223.6840057373047,224.7689971923828
2015-08-28,235.218994140625,220.92599487304688,231.39599609375
2015-08-29,233.2220001220703,227.3300018310547,229.77999877929688
2015-08-30,232.0679931640625,226.2469940185547,228.76100158691406
2015-08-31,231.95599365234375,225.9149932861328,230.05599975585938
2015-09-01,231.21600341796875,226.86000061035156,228.12100219726562
2015-09-02,230.57699584960938,226.47500610351562,229.28399658203125
2015-09-03,229.60499572753906,226.66700744628906,227.18299865722656
2015-09-04,230.89999389648438,227.05099487304688,230.29800415039062
2015-09-05,236.14300537109375,229.4429931640625,235.0189971923828
2015-09-06,242.91200256347656,234.68099975585938,239.83999633789062
2015-09-07,242.1060028076172,238.7220001220703,239.8470001220703
2015-09-08,245.781005859375,239.67799377441406,243.60699462890625
2015-09-09,244.41600036621094,237.8209991455078,238.16799926757812
2015-09-10,241.29299926757812,235.79100036621094,238.4770050048828
2015-09-11,241.16900634765625,238.32899475097656,240.10699462890625
2015-09-12,240.12399291992188,234.75399780273438,235.22900390625
2015-09-13,235.93499755859375,229.33200073242188,230.51199340820312
2015-09-14,232.44000244140625,227.96099853515625,230.6439971923828
2015-09-15,259.1820068359375,229.82200622558594,230.3040008544922
2015-09-16,231.21499633789062,227.40199279785156,229.09100341796875
2015-09-17,230.28500366210938,228.92599487304688,229.80999755859375
2015-09-18,234.35299682617188,232.18499755859375,232.97500610351562
2015-09-19,233.2050018310547,231.08900451660156,231.4929962158203
2015-09-20,232.36500549316406,230.91000366210938,231.21200561523438
2015-09-21,231.2169952392578,226.52099609375,227.0850067138672
2015-09-22,232.38600158691406,225.11700439453125,230.6179962158203
2015-09-23,231.8350067138672,229.59100341796875,230.2830047607422
2015-09-24,235.6490020751953,230.2949981689453,234.5290069580078
2015-09-25,237.427001953125,233.6840057373047,235.1439971923828
2015-09-26,235.4029998779297,233.35800170898438,234.33999633789062
2015-09-27,234.5260009765625,232.4759979248047,232.7570037841797
2015-09-28,239.33900451660156,232.4669952392578,239.14199829101562
2015-09-29,239.802001953125,235.92799377441406,236.68699645996094
2015-09-30,237.73399353027344,235.62899780273438,236.05999755859375
2015-10-01,238.44500732421875,235.61599731445312,237.5489959716797
2015-10-02,238.54100036621094,236.60299682617188,237.29299926757812
2015-10-03,239.31500244140625,236.94400024414062,238.72999572753906
2015-10-04,238.96800231933594,237.94000244140625,238.25900268554688
2015-10-05,240.38299560546875,237.03500366210938,240.38299560546875
2015-10-06,246.93499755859375,240.13600158691406,246.06300354003906
2015-10-07,246.68099975585938,242.5850067138672,242.968994140625
2015-10-08,244.25100708007812,242.1790008544922,242.3040008544922
2015-10-09,244.22799682617188,242.1219940185547,243.93099975585938
2015-10-10,245.31900024414062,243.07400512695312,244.9409942626953
2015-10-11,247.2429962158203,244.15199279785156,247.0500030517578
2015-10-12,247.45399475097656,245.1790008544922,245.30799865722656
2015-10-13,250.23599243164062,243.7570037841797,249.50799560546875
2015-10-14,254.27499389648438,248.9029998779297,251.98899841308594
2015-10-15,255.96200561523438,252.04600524902344,254.32000732421875
2015-10-16,266.135009765625,253.92599487304688,262.8689880371094
2015-10-17,273.5780029296875,262.36700439453125,270.6400146484375
2015-10-18,271.6679992675781,260.7770080566406,261.64300537109375
2015-10-19,264.82000732421875,260.95098876953125,263.43701171875
2015-10-20,270.8349914550781,263.22698974609375,269.4630126953125
2015-10-21,270.7699890136719,263.8389892578125,266.2720031738281
2015-10-22,276.510009765625,266.135009765625,274.02301025390625
2015-10-23,278.6839904785156,273.5429992675781,276.4960021972656
2015-10-24,281.70599365234375,276.5039978027344,281.65399169921875
2015-10-25,294.0589904785156,281.44500732421875,283.67999267578125
2015-10-26,285.29998779296875,280.510009765625,285.29998779296875
2015-10-27,296.2120056152344,285.00799560546875,293.7879943847656
2015-10-28,306.33099365234375,293.7030029296875,304.6180114746094
2015-10-29,318.1700134277344,301.822998046875,313.8550109863281
2015-10-30,334.16900634765625,313.94000244140625,328.0150146484375
2015-10-31,332.7770080566406,309.2510070800781,314.1659851074219
2015-11-01,327.47198486328125,311.8810119628906,325.4309997558594
2015-11-02,365.3599853515625,323.2090148925781,361.1889953613281
2015-11-03,417.8999938964844,357.6470031738281,403.4169921875
2015-11-04,495.56201171875,380.5480041503906,411.56298828125
2015-11-05,447.5610046386719,374.58099365234375,386.35400390625
2015-11-06,395.83599853515625,354.0249938964844,374.4700012207031
2015-11-07,390.58599853515625,372.4330139160156,386.48199462890625
2015-11-08,389.8949890136719,368.70001220703125,373.3680114746094
2015-11-09,385.27801513671875,362.8949890136719,380.2569885253906
2015-11-10,381.3869934082031,329.1080017089844,336.8190002441406
2015-11-11,340.5849914550781,300.99700927734375,311.0840148925781
2015-11-12,345.08099365234375,313.3559875488281,338.1520080566406
2015-11-13,340.91400146484375,326.07501220703125,336.75299072265625
2015-11-14,338.1809997558594,329.9700012207031,332.906005859375
2015-11-15,334.6619873046875,317.489990234375,320.1659851074219
2015-11-16,331.6260070800781,315.9049987792969,330.7510070800781
2015-11-17,338.3500061035156,329.614013671875,335.093994140625
2015-11-18,336.531005859375,330.6400146484375,334.5899963378906
2015-11-19,335.3340148925781,325.27301025390625,326.14898681640625
2015-11-20,326.4729919433594,312.2170104980469,322.0220031738281
2015-11-21,328.15899658203125,319.5950012207031,326.927001953125
2015-11-22,327.010009765625,321.2590026855469,324.5360107421875
2015-11-23,325.1180114746094,321.2900085449219,323.0459899902344
2015-11-24,323.0580139160156,318.1180114746094,320.0459899902344
2015-11-25,329.1340026855469,316.7699890136719,328.20599365234375
2015-11-26,366.7569885253906,328.22900390625,352.6839904785156
2015-11-27,363.5889892578125,347.8699951171875,358.0419921875
2015-11-28,359.5360107421875,352.1719970703125,357.3810119628906
2015-11-29,371.9389953613281,355.6659851074219,371.29400634765625
2015-11-30,382.3630065917969,370.38299560546875,377.3210144042969
2015-12-01,378.9309997558594,356.56298828125,362.4880065917969
2015-12-02,362.23199462890625,349.4649963378906,359.18701171875
2015-12-03,370.2749938964844,357.4119873046875,361.0459899902344
2015-12-04,363.5159912109375,355.7569885253906,363.1830139160156
2015-12-05,389.7850036621094,363.22900390625,388.9490051269531
2015-12-06,402.8089904785156,387.0889892578125,388.7829895019531
2015-12-07,399.968994140625,385.4110107421875,395.5360107421875
2015-12-08,415.56298828125,389.95001220703125,415.56298828125
2015-12-09,423.1199951171875,406.2909851074219,417.56298828125
2015-12-10,419.5090026855469,411.5480041503906,415.47900390625
2015-12-11,451.93798828125,415.281005859375,451.93798828125
2015-12-12,469.1029968261719,410.7409973144531,434.99700927734375
2015-12-13,441.67999267578125,426.26800537109375,433.7550048828125
2015-12-14,447.1419982910156,430.45599365234375,444.1820068359375
2015-12-15,465.3210144042969,443.87799072265625,465.3210144042969
2015-12-16,465.2080078125,443.85101318359375,454.9339904785156
2015-12-17,457.8599853515625,448.8580017089844,456.0780029296875
2015-12-18,465.177001953125,454.94000244140625,463.6159973144531
2015-12-19,465.58099365234375,456.7650146484375,462.3219909667969
2015-12-20,462.6449890136719,434.3380126953125,442.68499755859375
2015-12-21,444.72900390625,427.31201171875,438.6390075683594
2015-12-22,443.68798828125,435.5159912109375,436.5719909667969
2015-12-23,444.52899169921875,436.6189880371094,442.4010009765625
2015-12-24,458.45599365234375,443.0769958496094,454.9849853515625
2015-12-25,458.30499267578125,452.07501220703125,455.65301513671875
2015-12-26,457.489013671875,405.760009765625,417.27398681640625
2015-12-27,424.0069885253906,408.88299560546875,422.822998046875
2015-12-28,429.7690124511719,418.4809875488281,422.27899169921875
2015-12-29,432.9830017089844,420.62701416015625,432.9830017089844
2015-12-30,434.3869934082031,422.0840148925781,426.6199951171875
2015-12-31,432.9209899902344,418.7349853515625,430.5669860839844
2016-01-01,436.2460021972656,427.5150146484375,434.3340148925781
2016-01-02,436.06201171875,431.8699951171875,433.43798828125
2016-01-03,433.7430114746094,424.70599365234375,430.010986328125
2016-01-04,434.5169982910156,429.0840148925781,433.09100341796875
2016-01-05,434.1820068359375,429.6759948730469,431.9599914550781
2016-01-06,431.8559875488281,426.34100341796875,429.1050109863281
2016-01-07,458.7659912109375,429.0769958496094,458.0480041503906
2016-01-08,462.9339904785156,447.93798828125,453.2300109863281
2016-01-09,454.6400146484375,446.8890075683594,447.6109924316406
2016-01-10,448.3089904785156,440.35101318359375,447.9909973144531
2016-01-11,450.6619873046875,443.8550109863281,448.4280090332031
2016-01-12,448.1820068359375,435.69000244140625,435.69000244140625
2016-01-13,435.1860046386719,424.4429931640625,432.3710021972656
2016-01-14,433.3240051269531,427.8450012207031,430.3059997558594
2016-01-15,430.2550048828125,364.33099365234375,364.33099365234375
2016-01-16,390.5570068359375,354.91400146484375,387.5360107421875
2016-01-17,390.9649963378906,380.0920104980469,382.29901123046875
2016-01-18,388.10400390625,376.6650085449219,387.1679992675781
2016-01-19,387.7300109863281,378.97198486328125,380.14898681640625
2016-01-20,425.2669982910156,376.5989990234375,420.2300109863281
2016-01-21,422.87701416015625,406.29998779296875,410.2619934082031
2016-01-22,410.4100036621094,375.2820129394531,382.49200439453125
2016-01-23,394.5429992675781,381.9809875488281,387.4909973144531
2016-01-24,405.4849853515625,387.510009765625,402.97100830078125
2016-01-25,402.3169860839844,388.5539855957031,391.72601318359375
2016-01-26,397.7659912109375,390.57501220703125,392.15301513671875
2016-01-27,396.8429870605469,391.7820129394531,394.97198486328125
2016-01-28,395.50201416015625,379.7349853515625,380.28900146484375
2016-01-29,384.3789978027344,365.4519958496094,379.4739990234375
2016-01-30,380.9169921875,376.4909973144531,378.2550048828125
2016-01-31,380.34698486328125,367.8349914550781,368.7669982910156
2016-02-01,378.0719909667969,367.9570007324219,373.0559997558594
2016-02-02,375.88299560546875,372.9200134277344,374.447998046875
2016-02-03,374.95001220703125,368.0450134277344,369.9490051269531
2016-02-04,391.6080017089844,369.9930114746094,389.593994140625
2016-02-05,391.093994140625,385.5719909667969,386.54901123046875
2016-02-06,386.6310119628906,372.3869934082031,376.5220031738281
2016-02-07,380.8710021972656,374.90301513671875,376.6199951171875
2016-02-08,379.8789978027344,373.3340148925781,373.4469909667969
2016-02-09,377.2460021972656,372.89801025390625,376.02899169921875
2016-02-10,385.4830017089844,375.7829895019531,381.64898681640625
2016-02-11,383.1300048828125,376.39898681640625,379.65399169921875
2016-02-12,384.9540100097656,379.6000061035156,384.26300048828125
2016-02-13,391.8599853515625,384.6409912109375,391.8599853515625
2016-02-14,407.2300109863281,392.9320068359375,407.2300109863281
2016-02-15,410.3810119628906,397.7489929199219,400.18499755859375
2016-02-16,408.94500732421875,401.4320068359375,407.4880065917969
2016-02-17,421.1669921875,406.78399658203125,416.3219909667969
2016-02-18,425.9960021972656,415.63800048828125,422.37298583984375
2016-02-19,423.10400390625,417.60400390625,420.7850036621094
2016-02-20,441.9840087890625,421.60101318359375,437.16400146484375
2016-02-21,448.0459899902344,429.0769958496094,438.7980041503906
2016-02-22,439.0450134277344,432.9169921875,437.74798583984375
2016-02-23,439.8580017089844,417.8210144042969,420.7359924316406
2016-02-24,425.54998779296875,413.9070129394531,424.9549865722656
2016-02-25,427.718994140625,420.4150085449219,424.54400634765625
2016-02-26,432.1520080566406,421.6199951171875,432.1520080566406
2016-02-27,434.2309875488281,428.1029968261719,432.5190124511719
2016-02-28,435.6830139160156,423.82000732421875,433.5039978027344
2016-02-29,441.5069885253906,431.6929931640625,437.6969909667969
2016-03-01,439.65301513671875,432.3190002441406,435.12298583984375
2016-03-02,435.9169921875,423.989013671875,423.989013671875
2016-03-03,425.37298583984375,419.4110107421875,421.6510009765625
2016-03-04,425.1780090332031,410.9389953613281,410.9389953613281
2016-03-05,411.2569885253906,394.0350036621094,400.57000732421875
2016-03-06,411.9070129394531,395.77801513671875,407.7070007324219
2016-03-07,415.9169921875,406.3089904785156,414.3210144042969
2016-03-08,416.2430114746094,411.093994140625,413.97198486328125
2016-03-09,416.0320129394531,411.6059875488281,414.8599853515625
2016-03-10,417.5119934082031,413.2510070800781,417.1310119628906
2016-03-11,423.9259948730469,417.01300048828125,421.69000244140625
2016-03-12,421.7950134277344,410.093994140625,411.6239929199219
2016-03-13,416.60400390625,411.6419982910156,414.06500244140625
2016-03-14,416.6839904785156,414.20098876953125,416.43798828125
2016-03-15,418.1310119628906,414.9849853515625,416.8299865722656
2016-03-16,417.6860046386719,415.9119873046875,417.010986328125
2016-03-17,420.99700927734375,417.8890075683594,420.6210021972656
2016-03-18,420.5469970703125,406.1369934082031,409.5480041503906
2016-03-19,410.9840087890625,407.2300109863281,410.4440002441406
2016-03-20,414.625,410.4010009765625,413.7550048828125
2016-03-21,413.4179992675781,410.3810119628906,413.3070068359375
2016-03-22,418.375,412.531005859375,418.0889892578125
2016-03-23,419.26800537109375,417.364013671875,418.0409851074219
2016-03-24,418.67999267578125,415.4859924316406,416.3940124511719
2016-03-25,418.0799865722656,415.5580139160156,417.177001953125
2016-03-26,418.98699951171875,416.2590026855469,417.94500732421875
2016-03-27,428.7969970703125,417.71099853515625,426.7650146484375
2016-03-28,426.85699462890625,423.2929992675781,424.2309875488281
2016-03-29,426.2030029296875,412.6809997558594,416.5159912109375
2016-03-30,416.8340148925781,412.4960021972656,414.8160095214844
2016-03-31,418.3689880371094,415.2569885253906,416.72900390625
2016-04-01,418.1730041503906,415.83099365234375,417.9599914550781
2016-04-02,422.08099365234375,418.4219970703125,420.87298583984375
2016-04-03,421.5799865722656,419.6969909667969,420.90399169921875
2016-04-04,422.3429870605469,419.60101318359375,421.4440002441406
2016-04-05,424.2569885253906,420.614013671875,424.0299987792969
2016-04-06,424.5270080566406,422.72900390625,423.4129943847656
2016-04-07,423.6570129394531,420.51800537109375,422.7449951171875
2016-04-08,425.3609924316406,419.635009765625,420.3489990234375
2016-04-09,420.8909912109375,416.5150146484375,419.4110107421875
2016-04-10,422.43499755859375,419.2569885253906,421.5639953613281
2016-04-11,422.739013671875,420.5329895019531,422.4830017089844
2016-04-12,427.2770080566406,422.8429870605469,425.19000244140625
2016-04-13,426.6579895019531,422.9159851074219,423.7340087890625
2016-04-14,425.3710021972656,423.01300048828125,424.2820129394531
2016-04-15,429.9280090332031,424.427001953125,429.7130126953125
2016-04-16,432.625,428.9840087890625,430.5719909667969
2016-04-17,431.3710021972656,426.0790100097656,427.39898681640625
2016-04-18,429.27398681640625,427.08599853515625,428.59100341796875
2016-04-19,436.0199890136719,428.10400390625,435.5090026855469
2016-04-20,443.0539855957031,434.406005859375,441.3890075683594
2016-04-21,450.5480041503906,440.9519958496094,449.42498779296875
2016-04-22,449.80999755859375,444.1499938964844,445.73699951171875
2016-04-23,450.2820129394531,444.33099365234375,450.2820129394531
2016-04-24,460.14599609375,448.9280090332031,458.55499267578125
2016-04-25,466.6199951171875,453.5920104980469,461.4259948730469
2016-04-26,467.9649963378906,461.6210021972656,466.0889892578125
2016-04-27,467.0790100097656,444.1340026855469,444.68701171875
2016-04-28,449.5509948730469,436.6499938964844,449.010986328125
2016-04-29,455.3840026855469,446.0169982910156,455.09698486328125
2016-04-30,455.5870056152344,447.6969909667969,448.3179931640625
2016-05-01,452.47900390625,447.927001953125,451.875
2016-05-02,452.44500732421875,441.7760009765625,444.66900634765625
2016-05-03,451.09698486328125,442.61700439453125,450.3039855957031
2016-05-04,450.37799072265625,445.6300048828125,446.72198486328125
2016-05-05,448.5060119628906,445.88299560546875,447.97601318359375
2016-05-06,461.375,447.0679931640625,459.6029968261719
2016-05-07,460.67498779296875,457.3240051269531,458.5360107421875
2016-05-08,459.4169921875,455.9830017089844,458.5480041503906
2016-05-09,462.4809875488281,456.531005859375,460.4830017089844
2016-05-10,461.9289855957031,448.9540100097656,450.8949890136719
2016-05-11,454.57598876953125,450.864013671875,452.7279968261719
2016-05-12,454.9490051269531,449.25,454.7659912109375
2016-05-13,457.05499267578125,453.4530029296875,455.6700134277344
2016-05-14,456.83599853515625,454.7860107421875,455.6709899902344
2016-05-15,458.6919860839844,455.4590148925781,457.5679931640625
2016-05-16,458.20001220703125,452.94500732421875,454.1629943847656
2016-05-17,455.0719909667969,453.6050109863281,453.7829895019531
2016-05-18,455.99798583984375,453.29901123046875,454.6189880371094
2016-05-19,454.63299560546875,438.7149963378906,438.7149963378906
2016-05-20,444.0539855957031,437.3890075683594,442.6759948730469
2016-05-21,443.77801513671875,441.70599365234375,443.18798828125
2016-05-22,443.427001953125,439.0350036621094,439.322998046875
2016-05-23,444.3450012207031,438.822998046875,444.1549987792969
2016-05-24,447.1000061035156,443.92999267578125,445.9809875488281
2016-05-25,450.2980041503906,446.06201171875,449.5989990234375
2016-05-26,453.6440124511719,447.89599609375,453.3840026855469
2016-05-27,478.14898681640625,453.52099609375,473.4639892578125
2016-05-28,533.4730224609375,472.6990051269531,530.0399780273438
2016-05-29,553.9600219726562,512.1790161132812,526.2329711914062
2016-05-30,544.3489990234375,522.9630126953125,533.864013671875
2016-05-31,546.6179809570312,520.6619873046875,531.385986328125
2016-06-01,543.0800170898438,525.635986328125,536.9199829101562
2016-06-02,540.3519897460938,533.0780029296875,537.9719848632812
2016-06-03,574.6380004882812,536.9199829101562,569.1939697265625
2016-06-04,590.1320190429688,564.2379760742188,572.7269897460938
2016-06-05,582.8079833984375,569.177978515625,574.9769897460938
2016-06-06,586.469970703125,574.6019897460938,585.5369873046875
2016-06-07,590.2589721679688,567.5139770507812,576.5969848632812
2016-06-08,582.8389892578125,573.1300048828125,581.64501953125
2016-06-09,582.2030029296875,570.9509887695312,574.6300048828125
2016-06-10,579.1270141601562,573.3250122070312,577.469970703125
2016-06-11,607.1160278320312,578.6740112304688,606.7269897460938
2016-06-12,684.843994140625,607.0390014648438,672.7839965820312
2016-06-13,716.0040283203125,664.4869995117188,704.3759765625
2016-06-14,704.5040283203125,662.8040161132812,685.5590209960938
2016-06-15,696.302978515625,672.5609741210938,694.468994140625
2016-06-16,773.7219848632812,696.5230102539062,766.3079833984375
2016-06-17,775.3560180664062,716.5560302734375,748.9089965820312
2016-06-18,777.989990234375,733.9290161132812,756.2269897460938
2016-06-19,766.6209716796875,745.6279907226562,763.781005859375
2016-06-20,764.083984375,732.7269897460938,737.2260131835938
2016-06-21,735.8829956054688,639.0700073242188,666.6519775390625
2016-06-22,678.6699829101562,587.4829711914062,596.1160278320312
2016-06-23,629.3270263671875,558.1389770507812,623.9769897460938
2016-06-24,681.7269897460938,625.27197265625,665.2990112304688
2016-06-25,691.7310180664062,646.5590209960938,665.1229858398438
2016-06-26,665.97998046875,616.9340209960938,629.3670043945312
2016-06-27,655.2750244140625,620.5239868164062,655.2750244140625
2016-06-28,659.2479858398438,637.7730102539062,647.0009765625
2016-06-29,644.6820068359375,628.2839965820312,639.8900146484375
2016-06-30,675.4030151367188,636.6079711914062,673.3369750976562
2016-07-01,686.1539916992188,669.593994140625,676.2960205078125
2016-07-02,703.7020263671875,676.3989868164062,703.7020263671875
2016-07-03,704.968017578125,649.0089721679688,658.6640014648438
2016-07-04,683.6619873046875,650.5079956054688,683.6619873046875
2016-07-05,683.4910278320312,665.0659790039062,670.6270141601562
2016-07-06,681.8980102539062,670.4180297851562,677.3309936523438
2016-07-07,682.4320068359375,611.833984375,640.56201171875
2016-07-08,666.7069702148438,636.4669799804688,666.5230102539062
2016-07-09,666.3839721679688,633.3989868164062,650.9600219726562
2016-07-10,652.2940063476562,641.2639770507812,649.3599853515625
2016-07-11,659.6290283203125,644.97998046875,647.6589965820312
2016-07-12,675.2589721679688,646.7789916992188,664.551025390625
2016-07-13,668.7000122070312,654.468017578125,654.468017578125
2016-07-14,662.9019775390625,652.9229736328125,658.0780029296875
2016-07-15,667.0770263671875,659.0399780273438,663.2550048828125
2016-07-16,666.4600219726562,659.333984375,660.7670288085938
2016-07-17,682.364990234375,661.9929809570312,679.458984375
2016-07-18,681.5549926757812,668.625,673.1060180664062
2016-07-19,673.2769775390625,667.6320190429688,672.864013671875
2016-07-20,672.9290161132812,663.3599853515625,665.6849975585938
2016-07-21,666.218994140625,660.4149780273438,665.0120239257812
2016-07-22,666.5830078125,646.7219848632812,650.6190185546875
2016-07-23,656.3660278320312,648.5239868164062,655.5560302734375
2016-07-24,663.1099853515625,652.7930297851562,661.2849731445312
2016-07-25,661.8280029296875,653.39501953125,654.0969848632812
2016-07-26,656.2249755859375,645.8790283203125,651.7839965820312
2016-07-27,657.4559936523438,648.447021484375,654.3519897460938
2016-07-28,657.594970703125,654.4920043945312,655.0349731445312
2016-07-29,657.7960205078125,654.7860107421875,656.9920043945312
2016-07-30,658.2230224609375,654.208984375,655.0469970703125
2016-07-31,655.2849731445312,624.364990234375,624.6810302734375
2016-08-01,626.1190185546875,605.8839721679688,606.27197265625
2016-08-02,612.8480224609375,531.333984375,547.4650268554688
2016-08-03,573.3599853515625,541.5469970703125,566.35498046875
2016-08-04,579.4959716796875,565.7769775390625,578.2890014648438
2016-08-05,578.281005859375,569.9819946289062,575.0430297851562
2016-08-06,588.39599609375,569.468994140625,587.7780151367188
2016-08-07,597.5130004882812,586.8159790039062,592.6900024414062
2016-08-08,592.9940185546875,588.0469970703125,591.0540161132812
2016-08-09,591.0910034179688,584.7930297851562,587.801025390625
2016-08-10,599.9840087890625,586.3709716796875,592.10302734375
2016-08-11,597.5419921875,589.1199951171875,589.1199951171875
2016-08-12,589.9099731445312,583.8109741210938,587.5590209960938
2016-08-13,589.7739868164062,584.97900390625,585.5880126953125
2016-08-14,585.666015625,564.781005859375,570.4730224609375
2016-08-15,573.5800170898438,563.239990234375,567.239990234375
2016-08-16,581.7379760742188,566.7160034179688,577.4390258789062
2016-08-17,580.8939819335938,571.4299926757812,573.2160034179688
2016-08-18,577.7919921875,573.4299926757812,574.3179931640625
2016-08-19,578.2379760742188,574.1820068359375,575.6300048828125
2016-08-20,582.8179931640625,575.4569702148438,581.697021484375
2016-08-21,584.1580200195312,580.218017578125,581.3079833984375
2016-08-22,588.447998046875,580.593994140625,586.7529907226562
2016-08-23,589.4739990234375,581.6339721679688,583.4149780273438
2016-08-24,583.5900268554688,579.85498046875,580.1820068359375
2016-08-25,580.4509887695312,575.1669921875,577.760986328125
2016-08-26,580.6229858398438,576.8579711914062,579.6510009765625
2016-08-27,579.844970703125,568.6300048828125,569.947021484375
2016-08-28,574.0380249023438,569.739990234375,573.9119873046875
2016-08-29,576.2780151367188,573.4650268554688,574.1069946289062
2016-08-30,578.3569946289062,574.114013671875,577.5029907226562
2016-08-31,577.8610229492188,573.6420288085938,575.4719848632812
2016-09-01,576.3109741210938,571.8140258789062,572.302978515625
2016-09-02,575.6430053710938,570.8109741210938,575.5369873046875
2016-09-03,599.5,574.0560302734375,598.2119750976562
2016-09-04,611.8369750976562,596.8480224609375,608.6339721679688
2016-09-05,609.0549926757812,602.2420043945312,606.5900268554688
2016-09-06,610.8300170898438,605.0910034179688,610.4359741210938
2016-09-07,614.5449829101562,608.5130004882812,614.5440063476562
2016-09-08,628.77001953125,613.843994140625,626.3159790039062
2016-09-09,626.8300170898438,620.2630004882812,622.8610229492188
2016-09-10,625.094970703125,622.39501953125,623.5089721679688
2016-09-11,628.8179931640625,600.5059814453125,606.718994140625
2016-09-12,608.458984375,605.4110107421875,608.2429809570312
2016-09-13,611.1929931640625,606.9249877929688,609.2410278320312
2016-09-14,611.9520263671875,608.4099731445312,610.6840209960938
2016-09-15,611.0859985351562,607.155029296875,607.155029296875
2016-09-16,609.260986328125,606.7349853515625,606.9730224609375
2016-09-17,607.8599853515625,605.1920166015625,605.9840087890625
2016-09-18,610.1580200195312,605.8560180664062,609.8740234375
2016-09-19,610.9320068359375,608.27001953125,609.2269897460938
2016-09-20,609.5250244140625,607.93798828125,608.31201171875
2016-09-21,603.5880126953125,595.8829956054688,597.1489868164062
2016-09-22,598.4869995117188,596.2130126953125,596.2979736328125
2016-09-23,603.2050170898438,595.7860107421875,602.8419799804688
2016-09-24,604.5800170898438,602.0449829101562,602.625
2016-09-25,603.3809814453125,599.7109985351562,600.8259887695312
2016-09-26,608.1430053710938,600.3489990234375,608.0430297851562
2016-09-27,608.2479858398438,604.1099853515625,606.166015625
2016-09-28,606.5900268554688,604.6069946289062,604.72802734375
2016-09-29,606.823974609375,604.8480224609375,605.6929931640625
2016-09-30,609.7349853515625,604.1420288085938,609.7349853515625
2016-10-01,615.2369995117188,609.9290161132812,613.9829711914062
2016-10-02,614.0050048828125,609.6820068359375,610.8920288085938
2016-10-03,612.5679931640625,610.4550170898438,612.1329956054688
2016-10-04,612.0540161132812,609.47900390625,610.2039794921875
2016-10-05,613.8140258789062,609.6170043945312,612.510986328125
2016-10-06,613.8189697265625,611.468994140625,613.02099609375
2016-10-07,617.9119873046875,611.8209838867188,617.1209716796875
2016-10-08,619.8489990234375,617.3410034179688,619.1079711914062
2016-10-09,619.197998046875,616.6069946289062,616.7520141601562
2016-10-10,621.3179931640625,616.197021484375,618.9940185546875
2016-10-11,642.0800170898438,618.5,641.072021484375
2016-10-12,641.3369750976562,635.9650268554688,636.1920166015625
2016-10-13,638.8330078125,635.0289916992188,636.7860107421875
2016-10-14,641.2849731445312,637.0079956054688,640.3779907226562
2016-10-15,642.1019897460938,637.3900146484375,638.64599609375
2016-10-16,642.8980102539062,638.9010009765625,641.6309814453125
2016-10-17,642.3280029296875,638.6630249023438,639.1929931640625
2016-10-18,640.7360229492188,635.9959716796875,637.9600219726562
2016-10-19,638.8740234375,628.0130004882812,630.52001953125
2016-10-20,631.9169921875,628.2579956054688,630.8569946289062
2016-10-21,634.093994140625,630.6939697265625,632.8280029296875
2016-10-22,658.197021484375,632.8499755859375,657.2940063476562
2016-10-23,661.1290283203125,653.885986328125,657.0709838867188
2016-10-24,657.2520141601562,652.594970703125,653.760986328125
2016-10-25,664.4240112304688,653.697998046875,657.5880126953125
2016-10-26,679.72802734375,657.677978515625,678.3040161132812
2016-10-27,688.593994140625,678.0399780273438,688.31298828125
2016-10-28,690.4439697265625,684.1619873046875,689.6510009765625
2016-10-29,720.4019775390625,690.052001953125,714.47900390625
2016-10-30,714.1179809570312,696.4749755859375,701.864013671875
2016-10-31,709.2890014648438,691.6820068359375,700.9719848632812
2016-11-01,736.4520263671875,701.3369750976562,729.7930297851562
2016-11-02,740.8289794921875,722.3489990234375,740.8289794921875
2016-11-03,745.7730102539062,678.156005859375,688.7000122070312
2016-11-04,706.9299926757812,685.56298828125,703.2349853515625
2016-11-05,707.510009765625,697.739013671875,703.4180297851562
2016-11-06,714.2579956054688,699.5599975585938,711.52197265625
2016-11-07,710.7360229492188,699.9030151367188,703.1309814453125
2016-11-08,712.9869995117188,702.3900146484375,709.8480224609375
2016-11-09,740.0460205078125,708.6099853515625,723.2730102539062
2016-11-10,723.0180053710938,711.2100219726562,715.5339965820312
2016-11-11,718.3179931640625,714.4099731445312,716.4110107421875
2016-11-12,717.1480102539062,704.0349731445312,705.0540161132812
2016-11-13,705.2570190429688,687.3150024414062,702.031005859375
2016-11-14,706.2839965820312,699.8079833984375,705.02099609375
2016-11-15,715.718017578125,705.260009765625,711.6190185546875
2016-11-16,747.614990234375,709.0390014648438,744.197998046875
2016-11-17,755.64501953125,739.510986328125,740.9769897460938
2016-11-18,752.8820190429688,736.8900146484375,751.5850219726562
2016-11-19,756.2369995117188,744.4669799804688,751.6160278320312
2016-11-20,755.47998046875,717.9439697265625,731.0260009765625
2016-11-21,741.7219848632812,730.510009765625,739.2479858398438
2016-11-22,753.8699951171875,736.5269775390625,751.3469848632812
2016-11-23,752.25,738.9240112304688,744.593994140625
2016-11-24,746.8319702148438,733.489990234375,740.2890014648438
2016-11-25,741.6489868164062,734.5910034179688,741.6489868164062
2016-11-26,742.2139892578125,729.625,735.3820190429688
2016-11-27,739.0180053710938,731.0850219726562,732.0349731445312
2016-11-28,738.0059814453125,732.4840087890625,735.81298828125
2016-11-29,737.4710083007812,734.5590209960938,735.60400390625
2016-11-30,747.9290161132812,736.2650146484375,745.6909790039062
2016-12-01,758.2750244140625,746.0460205078125,756.7739868164062
2016-12-02,781.2960205078125,757.5449829101562,777.9439697265625
2016-12-03,778.2479858398438,764.8560180664062,771.155029296875
2016-12-04,773.8720092773438,768.1610107421875,773.8720092773438
2016-12-05,773.468017578125,751.7130126953125,758.7000122070312
2016-12-06,765.6220092773438,758.719970703125,764.2239990234375
2016-12-07,771.5430297851562,759.75,768.1320190429688
2016-12-08,774.697998046875,765.9459838867188,770.8099975585938
2016-12-09,774.5280151367188,769.6489868164062,772.7940063476562
2016-12-10,777.0919799804688,772.9099731445312,774.6500244140625
2016-12-11,774.7979736328125,765.4119873046875,769.7310180664062
2016-12-12,781.9219970703125,770.0399780273438,780.0869750976562
2016-12-13,788.4600219726562,777.9619750976562,780.5560302734375
2016-12-14,782.0339965820312,776.8389892578125,781.4810180664062
2016-12-15,781.4349975585938,777.802001953125,778.0880126953125
2016-12-16,785.031982421875,778.9630126953125,784.906982421875
2016-12-17,792.5089721679688,784.864013671875,790.8289794921875
2016-12-18,794.7369995117188,788.0260009765625,790.530029296875
2016-12-19,793.6110229492188,790.3200073242188,792.7139892578125
2016-12-20,801.3369750976562,791.4970092773438,800.8759765625
2016-12-21,834.281005859375,799.405029296875,834.281005859375
2016-12-22,875.781982421875,834.1489868164062,864.5399780273438
2016-12-23,925.1170043945312,864.677001953125,921.9840087890625
2016-12-24,923.47900390625,886.3350219726562,898.822021484375
2016-12-25,899.6519775390625,862.4240112304688,896.1829833984375
2016-12-26,913.1840209960938,896.8980102539062,907.6099853515625
2016-12-27,940.0479736328125,904.2550048828125,933.197998046875
2016-12-28,975.9210205078125,934.8309936523438,975.9210205078125
2016-12-29,979.39697265625,954.5029907226562,973.4970092773438
2016-12-30,972.5349731445312,934.8330078125,961.2379760742188
2016-12-31,963.7429809570312,947.2360229492188,963.7429809570312
2017-01-01,1003.0800170898438,958.698974609375,998.3250122070312
2017-01-02,1031.3900146484375,996.7020263671875,1021.75
2017-01-03,1044.0799560546875,1021.5999755859375,1043.8399658203125
2017-01-04,1159.4200439453125,1044.4000244140625,1154.72998046875
2017-01-05,1191.0999755859375,910.4169921875,1013.3800048828125
2017-01-06,1046.81005859375,883.9439697265625,902.2009887695312
2017-01-07,908.5850219726562,823.5560302734375,908.5850219726562
2017-01-08,942.7239990234375,887.2490234375,911.198974609375
2017-01-09,913.6859741210938,879.8070068359375,902.8280029296875
2017-01-10,914.8729858398438,901.0599975585938,907.6790161132812
2017-01-11,919.447998046875,762.7650146484375,777.7570190429688
2017-01-12,826.2459716796875,755.7559814453125,804.833984375
2017-01-13,829.0009765625,780.0029907226562,823.9840087890625
2017-01-14,835.0850219726562,812.4559936523438,818.4119873046875
2017-01-15,823.3070068359375,812.8709716796875,821.7979736328125
2017-01-16,834.530029296875,820.27099609375,831.5339965820312
2017-01-17,910.5609741210938,830.7960205078125,907.93798828125
2017-01-18,917.4990234375,858.3040161132812,886.6179809570312
2017-01-19,904.614013671875,884.3380126953125,899.072998046875
2017-01-20,899.3980102539062,887.0079956054688,895.0260009765625
2017-01-21,927.3670043945312,895.5349731445312,921.7890014648438
2017-01-22,937.5250244140625,897.5640258789062,924.6729736328125
2017-01-23,928.2659912109375,916.7379760742188,921.0120239257812
2017-01-24,924.14501953125,892.2860107421875,892.68701171875
2017-01-25,903.2520141601562,891.68701171875,901.5419921875
2017-01-26,919.3259887695312,902.2239990234375,917.5859985351562
2017-01-27,923.2230224609375,915.8460083007812,919.75
2017-01-28,923.9110107421875,919.8109741210938,921.5900268554688
2017-01-29,923.4180297851562,919.1480102539062,919.4959716796875
2017-01-30,923.0479736328125,919.4739990234375,920.3820190429688
2017-01-31,972.0189819335938,920.958984375,970.4030151367188
2017-02-01,989.114013671875,970.7420043945312,989.0230102539062
2017-02-02,1013.52001953125,983.2210083007812,1011.7999877929688
2017-02-03,1033.8699951171875,1008.7899780273438,1029.9100341796875
2017-02-04,1045.9000244140625,1015.1599731445312,1042.9000244140625
2017-02-05,1043.6300048828125,1022.3699951171875,1027.3399658203125
2017-02-06,1044.6400146484375,1028.1600341796875,1038.1500244140625
2017-02-07,1061.9300537109375,1040.1400146484375,1061.3499755859375
2017-02-08,1078.969970703125,1037.489990234375,1063.0699462890625
2017-02-09,1088.989990234375,953.343994140625,994.3829956054688
2017-02-10,998.905029296875,946.6909790039062,988.6740112304688
2017-02-11,1009.2899780273438,982.8300170898438,1004.4500122070312
2017-02-12,1004.760009765625,996.9210205078125,999.1810302734375
2017-02-13,1002.0999755859375,976.0020141601562,990.6420288085938
2017-02-14,1011.510009765625,986.4710083007812,1004.5499877929688
2017-02-15,1008.8400268554688,1001.5800170898438,1007.47998046875
2017-02-16,1033.3699951171875,1007.6500244140625,1027.43994140625
2017-02-17,1053.1700439453125,1025.6400146484375,1046.2099609375
2017-02-18,1061.0999755859375,1046.9599609375,1054.4200439453125
2017-02-19,1056.81005859375,1043.4599609375,1047.8699951171875
2017-02-20,1080.489990234375,1041.68994140625,1079.97998046875
2017-02-21,1117.25,1076.9300537109375,1115.300048828125
2017-02-22,1125.3900146484375,1100.550048828125,1117.43994140625
2017-02-23,1176.6199951171875,1116.9599609375,1166.719970703125
2017-02-24,1200.3900146484375,1131.9599609375,1173.6800537109375
2017-02-25,1174.8499755859375,1124.5899658203125,1143.8399658203125
2017-02-26,1167.469970703125,1130.199951171875,1165.199951171875
2017-02-27,1181.97998046875,1163.3800048828125,1179.969970703125
2017-02-28,1193.25,1171.8199462890625,1179.969970703125
2017-03-01,1222.5,1179.68994140625,1222.5
2017-03-02,1262.1300048828125,1215.6199951171875,1251.010009765625
2017-03-03,1280.31005859375,1250.7099609375,1274.989990234375
2017-03-04,1279.4000244140625,1230.510009765625,1255.1500244140625
2017-03-05,1267.2900390625,1238.06005859375,1267.1199951171875
2017-03-06,1276,1264.5999755859375,1272.8299560546875
2017-03-07,1275.550048828125,1204.800048828125,1223.5400390625
2017-03-08,1232.1600341796875,1148.0799560546875,1150
2017-03-09,1197.4599609375,1141.22998046875,1188.489990234375
2017-03-10,1270.469970703125,1077.25,1116.719970703125
2017-03-11,1193.8299560546875,1116.3199462890625,1175.8299560546875
2017-03-12,1226.97998046875,1175.3599853515625,1221.3800048828125
2017-03-13,1237.3699951171875,1217.030029296875,1231.9200439453125
2017-03-14,1244.81005859375,1220.719970703125,1240
2017-03-15,1251.6099853515625,1239.75,1249.6099853515625
2017-03-16,1257.97998046875,1152.43994140625,1187.81005859375
2017-03-17,1180.1600341796875,1099.5699462890625,1100.22998046875
2017-03-18,1114.0699462890625,957.655029296875,973.8179931640625
2017-03-19,1069.9100341796875,976.72998046875,1036.739990234375
2017-03-20,1063.030029296875,1036.6800537109375,1054.22998046875
2017-03-21,1122.4300537109375,1055.3599853515625,1120.5400390625
2017-03-22,1120.6500244140625,1014.2100219726562,1049.1400146484375
2017-03-23,1058.010009765625,1028.9300537109375,1038.5899658203125
2017-03-24,1040.469970703125,934.3579711914062,937.52001953125
2017-03-25,975.760986328125,903.7130126953125,972.7789916992188
2017-03-26,1007.9600219726562,954.1859741210938,966.7249755859375
2017-03-27,1046.4000244140625,971.9840087890625,1045.77001953125
2017-03-28,1064.6500244140625,1027.72998046875,1047.1500244140625
2017-03-29,1055.1300048828125,1015.8800048828125,1039.969970703125
2017-03-30,1049.2900390625,1020.0399780273438,1026.4300537109375
2017-03-31,1074.9200439453125,1026.6400146484375,1071.7900390625
2017-04-01,1091.719970703125,1061.0899658203125,1080.5
2017-04-02,1107.5899658203125,1075.449951171875,1102.1700439453125
2017-04-03,1151.739990234375,1102.949951171875,1143.81005859375
2017-04-04,1156.43994140625,1120.52001953125,1133.25
2017-04-05,1135.0899658203125,1113.6300048828125,1124.780029296875
2017-04-06,1188.3699951171875,1125.81005859375,1182.6800537109375
2017-04-07,1186.5799560546875,1163.3900146484375,1176.9000244140625
2017-04-08,1184.97998046875,1162.5799560546875,1175.949951171875
2017-04-09,1197.2099609375,1171.8599853515625,1187.8699951171875
2017-04-10,1190.3399658203125,1179.0400390625,1187.1300048828125
2017-04-11,1208.0699462890625,1187.4599609375,1205.010009765625
2017-04-12,1207.1400146484375,1196.760009765625,1200.3699951171875
2017-04-13,1205.8900146484375,1156.43994140625,1169.280029296875
2017-04-14,1190.800048828125,1159.7900390625,1167.5400390625
2017-04-15,1188,1164.9599609375,1172.52001953125
2017-04-16,1187.219970703125,1172.6099853515625,1182.93994140625
2017-04-17,1194.9000244140625,1172.6500244140625,1193.9100341796875
2017-04-18,1217.5699462890625,1193.77001953125,1211.6700439453125
2017-04-19,1215.510009765625,1205.0799560546875,1210.2900390625
2017-04-20,1240.7900390625,1208.4100341796875,1229.0799560546875
2017-04-21,1235.93994140625,1215.56005859375,1222.050048828125
2017-04-22,1235.56005859375,1208.469970703125,1231.7099609375
2017-04-23,1232.199951171875,1203.93994140625,1207.2099609375
2017-04-24,1250.93994140625,1209.6300048828125,1250.1500244140625
2017-04-25,1267.5799560546875,1249.969970703125,1265.489990234375
2017-04-26,1294.8299560546875,1265.9300537109375,1281.0799560546875
2017-04-27,1319.699951171875,1281.300048828125,1317.72998046875
2017-04-28,1331.280029296875,1292.3699951171875,1316.47998046875
2017-04-29,1327.199951171875,1315.2099609375,1321.7900390625
2017-04-30,1347.9100341796875,1314.9200439453125,1347.8900146484375
2017-05-01,1434.3199462890625,1348.300048828125,1421.5999755859375
2017-05-02,1473.9000244140625,1415.68994140625,1452.8199462890625
2017-05-03,1492.77001953125,1447.489990234375,1490.0899658203125
2017-05-04,1608.9100341796875,1490.719970703125,1537.6700439453125
2017-05-05,1618.030029296875,1530.31005859375,1555.449951171875
2017-05-06,1578.800048828125,1542.5,1578.800048828125
2017-05-07,1596.719970703125,1559.760009765625,1596.7099609375
2017-05-08,1723.3499755859375,1596.9200439453125,1723.3499755859375
2017-05-09,1833.489990234375,1716.300048828125,1755.3599853515625
2017-05-10,1788.43994140625,1719.0999755859375,1787.1300048828125
2017-05-11,1873.9300537109375,1755.3499755859375,1848.5699462890625
2017-05-12,1856.1500244140625,1694.010009765625,1724.239990234375
2017-05-13,1812.989990234375,1651.0799560546875,1804.9100341796875
2017-05-14,1831.4200439453125,1776.6199951171875,1808.9100341796875
2017-05-15,1812.800048828125,1708.5400390625,1738.4300537109375
2017-05-16,1785.93994140625,1686.5400390625,1734.449951171875
2017-05-17,1864.050048828125,1661.9100341796875,1839.0899658203125
2017-05-18,1904.47998046875,1807.1199951171875,1888.6500244140625
2017-05-19,2004.52001953125,1890.25,1987.7099609375
2017-05-20,2084.72998046875,1974.9200439453125,2084.72998046875
2017-05-21,2119.080078125,2037.5,2041.199951171875
2017-05-22,2303.89990234375,2017.8699951171875,2173.39990234375
2017-05-23,2320.820068359375,2178.5,2320.419921875
2017-05-24,2523.719970703125,2321.3701171875,2443.639892578125
2017-05-25,2763.7099609375,2285.300048828125,2304.97998046875
2017-05-26,2573.7900390625,2071.989990234375,2202.419921875
2017-05-27,2260.199951171875,1855.8299560546875,2038.8699951171875
2017-05-28,2267.340087890625,2054.080078125,2155.800048828125
2017-05-29,2307.050048828125,2107.169921875,2255.610107421875
2017-05-30,2301.9599609375,2124.570068359375,2175.469970703125
2017-05-31,2311.080078125,2145.570068359375,2286.409912109375
2017-06-01,2448.389892578125,2288.330078125,2407.8798828125
2017-06-02,2488.550048828125,2373.320068359375,2488.550048828125
2017-06-03,2581.909912109375,2423.570068359375,2515.35009765625
2017-06-04,2585.889892578125,2452.5400390625,2511.81005859375
2017-06-05,2686.81005859375,2510.219970703125,2686.81005859375
2017-06-06,2999.909912109375,2690.840087890625,2863.199951171875
2017-06-07,2869.3798828125,2700.56005859375,2732.159912109375
2017-06-08,2815.300048828125,2670.949951171875,2805.6201171875
2017-06-09,2901.7099609375,2795.6201171875,2823.81005859375
2017-06-10,2950.989990234375,2746.550048828125,2947.7099609375
2017-06-11,2996.60009765625,2840.530029296875,2958.110107421875
2017-06-12,2997.260009765625,2518.56005859375,2659.6298828125
2017-06-13,2789.0400390625,2650.3798828125,2717.02001953125
2017-06-14,2786.830078125,2412.93994140625,2506.3701171875
2017-06-15,2534.7099609375,2212.9599609375,2464.580078125
2017-06-16,2539.919921875,2385.14990234375,2518.56005859375
2017-06-17,2685.18994140625,2484.9599609375,2655.8798828125
2017-06-18,2662.10009765625,2516.330078125,2548.2900390625
2017-06-19,2662.85009765625,2549.030029296875,2589.60009765625
2017-06-20,2763.449951171875,2589.820068359375,2721.7900390625
2017-06-21,2772.010009765625,2660.39990234375,2689.10009765625
2017-06-22,2723.739990234375,2642.360107421875,2705.409912109375
2017-06-23,2765.169921875,2706.3701171875,2744.909912109375
2017-06-24,2757.93994140625,2583.18994140625,2608.719970703125
2017-06-25,2682.260009765625,2552.1201171875,2589.409912109375
2017-06-26,2615.25,2376.2900390625,2478.449951171875
2017-06-27,2552.449951171875,2332.989990234375,2552.449951171875
2017-06-28,2603.97998046875,2484.419921875,2574.7900390625
2017-06-29,2588.830078125,2510.47998046875,2539.320068359375
2017-06-30,2559.25,2478.429931640625,2480.840087890625
2017-07-01,2515.27001953125,2419.22998046875,2434.550048828125
2017-07-02,2514.280029296875,2394.840087890625,2506.469970703125
2017-07-03,2595,2480.469970703125,2564.06005859375
2017-07-04,2631.590087890625,2559.35009765625,2601.639892578125
2017-07-05,2622.64990234375,2538.550048828125,2601.989990234375
2017-07-06,2616.719970703125,2581.68994140625,2608.56005859375
2017-07-07,2916.139892578125,2498.8701171875,2518.659912109375
2017-07-08,2571.340087890625,2492.31005859375,2571.340087890625
2017-07-09,2635.489990234375,2517.590087890625,2518.43994140625
2017-07-10,2537.159912109375,2321.1298828125,2372.56005859375
2017-07-11,2413.469970703125,2296.81005859375,2337.7900390625
2017-07-12,2423.7099609375,2275.139892578125,2398.840087890625
2017-07-13,2425.219970703125,2340.830078125,2357.89990234375
2017-07-14,2363.25,2183.219970703125,2233.340087890625
2017-07-15,2231.139892578125,1990.4100341796875,1998.8599853515625
2017-07-16,2058.77001953125,1843.030029296875,1929.8199462890625
2017-07-17,2230.489990234375,1932.6199951171875,2228.409912109375
2017-07-18,2387.610107421875,2164.77001953125,2318.8798828125
2017-07-19,2397.169921875,2260.22998046875,2273.429931640625
2017-07-20,2900.699951171875,2269.889892578125,2817.60009765625
2017-07-21,2838.409912109375,2621.85009765625,2667.760009765625
2017-07-22,2862.419921875,2657.7099609375,2810.1201171875
2017-07-23,2832.179931640625,2653.93994140625,2730.39990234375
2017-07-24,2777.260009765625,2699.18994140625,2754.860107421875
2017-07-25,2768.080078125,2480.9599609375,2576.47998046875
2017-07-26,2610.760009765625,2450.800048828125,2529.449951171875
2017-07-27,2693.320068359375,2529.340087890625,2671.780029296875
2017-07-28,2897.449951171875,2679.72998046875,2809.010009765625
2017-07-29,2808.760009765625,2692.800048828125,2726.449951171875
2017-07-30,2758.530029296875,2644.85009765625,2757.179931640625
2017-07-31,2889.6201171875,2720.610107421875,2875.340087890625
2017-08-01,2921.35009765625,2685.610107421875,2718.260009765625
2017-08-02,2762.530029296875,2668.590087890625,2710.669921875
2017-08-03,2813.31005859375,2685.139892578125,2804.72998046875
2017-08-04,2899.330078125,2743.719970703125,2895.889892578125
2017-08-05,3290.010009765625,2874.830078125,3252.909912109375
2017-08-06,3293.2900390625,3155.60009765625,3213.93994140625
2017-08-07,3397.679931640625,3180.889892578125,3378.93994140625
2017-08-08,3484.85009765625,3345.830078125,3419.93994140625
2017-08-09,3422.760009765625,3247.669921875,3342.469970703125
2017-08-10,3453.449951171875,3319.469970703125,3381.280029296875
2017-08-11,3679.719970703125,3372.1201171875,3650.6201171875
2017-08-12,3949.919921875,3613.699951171875,3884.7099609375
2017-08-13,4208.39013671875,3857.800048828125,4073.260009765625
2017-08-14,4325.1298828125,3989.159912109375,4325.1298828125
2017-08-15,4455.97021484375,3906.179931640625,4181.93017578125
2017-08-16,4381.22998046875,3994.419921875,4376.6298828125
2017-08-17,4484.7001953125,4243.7099609375,4331.68994140625
2017-08-18,4370.1298828125,4015.39990234375,4160.6201171875
2017-08-19,4243.259765625,3970.550048828125,4193.7001953125
2017-08-20,4196.2900390625,4069.8798828125,4087.659912109375
2017-08-21,4109.14013671875,3988.60009765625,4001.739990234375
2017-08-22,4128.759765625,3674.580078125,4100.52001953125
2017-08-23,4255.77978515625,4078.409912109375,4151.52001953125
2017-08-24,4376.39013671875,4130.259765625,4334.68017578125
2017-08-25,4455.7001953125,4307.35009765625,4371.60009765625
2017-08-26,4379.27978515625,4269.52001953125,4352.39990234375
2017-08-27,4416.58984375,4317.2900390625,4382.8798828125
2017-08-28,4403.93017578125,4224.64013671875,4382.66015625
2017-08-29,4625.68017578125,4352.1298828125,4579.02001953125
2017-08-30,4626.52001953125,4471.41015625,4565.2998046875
2017-08-31,4736.0498046875,4549.39990234375,4703.39013671875
2017-09-01,4892.009765625,4678.52978515625,4892.009765625
2017-09-02,4975.0400390625,4469.240234375,4578.77001953125
2017-09-03,4714.080078125,4417.58984375,4582.9599609375
2017-09-04,4591.6298828125,4108.39990234375,4236.31005859375
2017-09-05,4427.83984375,3998.110107421875,4376.52978515625
2017-09-06,4617.25,4376.58984375,4597.1201171875
2017-09-07,4655.0400390625,4491.330078125,4599.8798828125
2017-09-08,4661,4075.179931640625,4228.75
2017-09-09,4308.81982421875,4114.10986328125,4226.06005859375
2017-09-10,4245.43994140625,3951.0400390625,4122.93994140625
2017-09-11,4261.669921875,4099.39990234375,4161.27001953125
2017-09-12,4344.64990234375,4085.219970703125,4130.81005859375
2017-09-13,4131.97998046875,3789.919921875,3882.590087890625
2017-09-14,3920.60009765625,3153.860107421875,3154.949951171875
2017-09-15,3733.449951171875,2946.6201171875,3637.52001953125
2017-09-16,3808.840087890625,3487.7900390625,3625.0400390625
2017-09-17,3664.81005859375,3445.639892578125,3582.8798828125
2017-09-18,4079.22998046875,3591.090087890625,4065.199951171875
2017-09-19,4094.070068359375,3868.8701171875,3924.969970703125
2017-09-20,4031.389892578125,3857.72998046875,3905.949951171875
2017-09-21,3916.419921875,3613.6298828125,3631.0400390625
2017-09-22,3758.27001953125,3553.530029296875,3630.699951171875
2017-09-23,3819.2099609375,3594.580078125,3792.39990234375
2017-09-24,3796.14990234375,3666.89990234375,3682.840087890625
2017-09-25,3950.25,3681.580078125,3926.070068359375
2017-09-26,3969.889892578125,3869.89990234375,3892.35009765625
2017-09-27,4210.0498046875,3884.820068359375,4200.669921875
2017-09-28,4279.31005859375,4109.7001953125,4174.72998046875
2017-09-29,4214.6298828125,4039.2900390625,4163.06982421875
2017-09-30,4358.43017578125,4160.85986328125,4338.7099609375
2017-10-01,4403.740234375,4269.81005859375,4403.740234375
2017-10-02,4470.22998046875,4377.4599609375,4409.31982421875
2017-10-03,4432.47021484375,4258.89013671875,4317.47998046875
2017-10-04,4352.31005859375,4210.419921875,4229.35986328125
2017-10-05,4362.64013671875,4164.0498046875,4328.41015625
2017-10-06,4413.27001953125,4320.52978515625,4370.81005859375
2017-10-07,4443.8798828125,4321.0498046875,4426.89013671875
2017-10-08,4624.14013671875,4405.64013671875,4610.47998046875
2017-10-09,4878.7099609375,4564.25,4772.02001953125
2017-10-10,4922.169921875,4765.10009765625,4781.990234375
2017-10-11,4873.72998046875,4751.6298828125,4826.47998046875
2017-10-12,5446.91015625,4822,5446.91015625
2017-10-13,5840.2998046875,5436.85009765625,5647.2099609375
2017-10-14,5837.7001953125,5591.64013671875,5831.7900390625
2017-10-15,5852.47998046875,5478.60986328125,5678.18994140625
2017-10-16,5776.22998046875,5544.2099609375,5725.58984375
2017-10-17,5800.35009765625,5472.72021484375,5605.509765625
2017-10-18,5603.81982421875,5151.43994140625,5590.68994140625
2017-10-19,5744.35009765625,5531.06005859375,5708.52001953125
2017-10-20,6060.10986328125,5627.22998046875,6011.4501953125
2017-10-21,6194.8798828125,5965.06982421875,6031.60009765625
2017-10-22,6076.259765625,5792.33984375,6008.419921875
2017-10-23,6075.58984375,5732.47021484375,5930.31982421875
2017-10-24,5935.52001953125,5504.18017578125,5526.64013671875
2017-10-25,5754.330078125,5397.8798828125,5750.7998046875
2017-10-26,5976.7998046875,5721.22021484375,5904.830078125
2017-10-27,5988.39013671875,5728.81982421875,5780.89990234375
2017-10-28,5876.72021484375,5689.18994140625,5753.08984375
2017-10-29,6255.7099609375,5724.580078125,6153.85009765625
2017-10-30,6214.990234375,6040.85009765625,6130.52978515625
2017-10-31,6470.43017578125,6103.330078125,6468.39990234375
2017-11-01,6767.31005859375,6377.8798828125,6767.31005859375
2017-11-02,7367.330078125,6758.72021484375,7078.5
2017-11-03,7461.2900390625,7002.93994140625,7207.759765625
2017-11-04,7492.85986328125,7031.27978515625,7379.9501953125
2017-11-05,7617.47998046875,7333.18994140625,7407.41015625
2017-11-06,7445.77001953125,7007.31005859375,7022.759765625
2017-11-07,7253.31982421875,7023.10009765625,7144.3798828125
2017-11-08,7776.419921875,7114.02001953125,7459.68994140625
2017-11-09,7446.830078125,7101.52001953125,7143.580078125
2017-11-10,7312,6436.8701171875,6618.14013671875
2017-11-11,6873.14990234375,6204.22021484375,6357.60009765625
2017-11-12,6625.0498046875,5519.009765625,5950.06982421875
2017-11-13,6811.18994140625,5844.2900390625,6559.490234375
2017-11-14,6764.97998046875,6461.75,6635.75
2017-11-15,7342.25,6634.759765625,7315.5400390625
2017-11-16,7967.3798828125,7176.580078125,7871.68994140625
2017-11-17,8004.58984375,7561.08984375,7708.990234375
2017-11-18,7884.990234375,7463.43994140625,7790.14990234375
2017-11-19,8101.91015625,7694.10009765625,8036.490234375
2017-11-20,8336.8603515625,7949.35986328125,8200.6396484375
2017-11-21,8348.66015625,7762.7099609375,8071.259765625
2017-11-22,8302.259765625,8075.47021484375,8253.5498046875
2017-11-23,8267.400390625,8038.77001953125,8038.77001953125
2017-11-24,8374.16015625,7940.93017578125,8253.6904296875
2017-11-25,8790.919921875,8191.14990234375,8790.919921875
2017-11-26,9522.9296875,8775.58984375,9330.5498046875
2017-11-27,9818.349609375,9352.7197265625,9818.349609375
2017-11-28,10125.7001953125,9736.2998046875,10058.7998046875
2017-11-29,11517.400390625,9601.0302734375,9888.6103515625
2017-11-30,10801,9202.0498046875,10233.599609375
2017-12-01,11046.7001953125,9694.650390625,10975.599609375
2017-12-02,11320.2001953125,10905.099609375,11074.599609375
2017-12-03,11858.7001953125,10862,11323.2001953125
2017-12-04,11657.2001953125,11081.7998046875,11657.2001953125
2017-12-05,12032,11604.599609375,11916.7001953125
2017-12-06,14369.099609375,11923.400390625,14291.5
2017-12-07,17899.69921875,14057.2998046875,17899.69921875
2017-12-08,18353.400390625,14336.900390625,16569.400390625
2017-12-09,16783,13674.900390625,15178.2001953125
2017-12-10,15850.599609375,13226.599609375,15455.400390625
2017-12-11,17513.900390625,15404.7998046875,16936.80078125
2017-12-12,17781.80078125,16571.599609375,17415.400390625
2017-12-13,17653.099609375,16039.7001953125,16408.19921875
2017-12-14,17085.80078125,16185.900390625,16564
2017-12-15,18154.099609375,16601.30078125,17706.900390625
2017-12-16,19716.69921875,17515.30078125,19497.400390625
2017-12-17,20089,18974.099609375,19140.80078125
2017-12-18,19371,18355.900390625,19114.19921875
2017-12-19,19177.80078125,17275.400390625,17776.69921875
2017-12-20,17934.69921875,16077.7001953125,16624.599609375
2017-12-21,17567.69921875,15342.7001953125,15802.900390625
2017-12-22,15943.400390625,11833,13831.7998046875
2017-12-23,15603.2001953125,13828.7998046875,14699.2001953125
2017-12-24,14626,12747.7001953125,13925.7998046875
2017-12-25,14593,13448.900390625,14026.599609375
2017-12-26,16461.19921875,14028.900390625,16099.7998046875
2017-12-27,16930.900390625,15114.2998046875,15838.5
2017-12-28,15888.400390625,13937.2998046875,14606.5
2017-12-29,15279,14307,14656.2001953125
2017-12-30,14681.900390625,12350.099609375,12952.2001953125
2017-12-31,14377.400390625,12755.599609375,14156.400390625
2018-01-01,14112.2001953125,13154.7001953125,13657.2001953125
2018-01-02,15444.599609375,13163.599609375,14982.099609375
2018-01-03,15572.7998046875,14844.5,15201
2018-01-04,15739.7001953125,14522.2001953125,15599.2001953125
2018-01-05,17705.19921875,15202.7998046875,17429.5
2018-01-06,17712.400390625,16764.599609375,17527
2018-01-07,17579.599609375,16087.7001953125,16477.599609375
2018-01-08,16537.900390625,14208.2001953125,15170.099609375
2018-01-09,15497.5,14424,14595.400390625
2018-01-10,14973.2998046875,13691.2001953125,14973.2998046875
2018-01-11,15018.7998046875,13105.900390625,13405.7998046875
2018-01-12,14229.900390625,13158.099609375,13980.599609375
2018-01-13,14659.5,13952.400390625,14360.2001953125
2018-01-14,14511.7998046875,13268,13772
2018-01-15,14445.5,13641.7001953125,13819.7998046875
2018-01-16,13843.099609375,10194.900390625,11490.5
2018-01-17,11678,9402.2900390625,11188.599609375
2018-01-18,12107.2998046875,10942.5,11474.900390625
2018-01-19,11992.7998046875,11172.099609375,11607.400390625
2018-01-20,13103,11656.2001953125,12899.2001953125
2018-01-21,12895.900390625,11288.2001953125,11600.099609375
2018-01-22,11966.400390625,10240.2001953125,10931.400390625
2018-01-23,11377.599609375,10129.7001953125,10868.400390625
2018-01-24,11501.400390625,10639.7998046875,11359.400390625
2018-01-25,11785.7001953125,11057.400390625,11259.400390625
2018-01-26,11656.7001953125,10470.2998046875,11171.400390625
2018-01-27,11614.900390625,10989.2001953125,11440.7001953125
2018-01-28,12040.2998046875,11475.2998046875,11786.2998046875
2018-01-29,11875.599609375,11179.2001953125,11296.400390625
2018-01-30,11307.2001953125,10036.2001953125,10106.2998046875
2018-01-31,10381.599609375,9777.419921875,10221.099609375
2018-02-01,10288.7998046875,8812.2802734375,9170.5400390625
2018-02-02,9142.2802734375,7796.490234375,8830.75
2018-02-03,9430.75,8251.6298828125,9174.91015625
2018-02-04,9334.8701171875,8031.22021484375,8277.009765625
2018-02-05,8364.83984375,6756.68017578125,6955.27001953125
2018-02-06,7850.7001953125,6048.259765625,7754
2018-02-07,8509.1103515625,7236.7900390625,7621.2998046875
2018-02-08,8558.76953125,7637.85986328125,8265.58984375
2018-02-09,8736.98046875,7884.7099609375,8736.98046875
2018-02-10,9122.5498046875,8295.4697265625,8621.900390625
2018-02-11,8616.1298828125,7931.10009765625,8129.97021484375
2018-02-12,8985.919921875,8141.43017578125,8926.5703125
2018-02-13,8958.4697265625,8455.41015625,8598.3095703125
2018-02-14,9518.5400390625,8599.919921875,9494.6298828125
2018-02-15,10234.7998046875,9395.580078125,10166.400390625
2018-02-16,10324.099609375,9824.8203125,10233.900390625
2018-02-17,11139.5,10149.400390625,11112.7001953125
2018-02-18,11349.7998046875,10326,10551.7998046875
2018-02-19,11273.7998046875,10513.2001953125,11225.2998046875
2018-02-20,11958.5,11231.7998046875,11403.7001953125
2018-02-21,11418.5,10479.099609375,10690.400390625
2018-02-22,11039.099609375,9939.08984375,10005
2018-02-23,10487.2998046875,9734.5595703125,10301.099609375
2018-02-24,10597.2001953125,9546.9697265625,9813.0703125
2018-02-25,9923.2197265625,9407.0595703125,9664.73046875
2018-02-26,10475,9501.73046875,10366.7001953125
2018-02-27,10878.5,10246.099609375,10725.599609375
2018-02-28,11089.7998046875,10393.099609375,10397.900390625
2018-03-01,11052.2998046875,10352.7001953125,10951
2018-03-02,11189,10850.099609375,11086.400390625
2018-03-03,11528.2001953125,11002.400390625,11489.7001953125
2018-03-04,11512.599609375,11136.099609375,11512.599609375
2018-03-05,11704.099609375,11443.900390625,11573.2998046875
2018-03-06,11500.099609375,10694.2998046875,10779.900390625
2018-03-07,10929.5,9692.1201171875,9965.5703125
2018-03-08,10147.400390625,9335.8701171875,9395.009765625
2018-03-09,9466.349609375,8513.0302734375,9337.5498046875
2018-03-10,9531.3203125,8828.4697265625,8866
2018-03-11,9711.8896484375,8607.1201171875,9578.6298828125
2018-03-12,9937.5,8956.4296875,9205.1201171875
2018-03-13,9470.3798828125,8958.1904296875,9194.849609375
2018-03-14,9355.849609375,8068.58984375,8269.8095703125
2018-03-15,8428.349609375,7783.0498046875,8300.8603515625
2018-03-16,8585.150390625,8005.31005859375,8338.349609375
2018-03-17,8346.5302734375,7812.81982421875,7916.8798828125
2018-03-18,8245.509765625,7397.990234375,8223.6796875
2018-03-19,8675.8701171875,8182.39990234375,8630.650390625
2018-03-20,9051.01953125,8389.8896484375,8913.4697265625
2018-03-21,9177.3701171875,8846.330078125,8929.2802734375
2018-03-22,9100.7099609375,8564.900390625,8728.4697265625
2018-03-23,8879.6201171875,8360.6201171875,8879.6201171875
2018-03-24,8996.1796875,8665.7001953125,8668.1201171875
2018-03-25,8682.009765625,8449.099609375,8495.7802734375
2018-03-26,8530.080078125,7921.43017578125,8209.400390625
2018-03-27,8232.7802734375,7797.27978515625,7833.0400390625
2018-03-28,8122.89013671875,7809.169921875,7954.47998046875
2018-03-29,7994.330078125,7081.3798828125,7165.7001953125
2018-03-30,7276.66015625,6683.93017578125,6890.52001953125
2018-03-31,7207.85009765625,6863.52001953125,6973.52978515625
2018-04-01,7060.9501953125,6526.8701171875,6844.22998046875
2018-04-02,7135.47021484375,6816.580078125,7083.7998046875
2018-04-03,7530.93994140625,7072.490234375,7456.10986328125
2018-04-04,7469.8798828125,6803.8798828125,6853.83984375
2018-04-05,6933.81982421875,6644.7998046875,6811.47021484375
2018-04-06,6857.490234375,6575,6636.31982421875
2018-04-07,7050.5400390625,6630.509765625,6911.08984375
2018-04-08,7111.56005859375,6919.97998046875,7023.52001953125
2018-04-09,7178.10986328125,6661.990234375,6770.72998046875
2018-04-10,6872.41015625,6704.14990234375,6834.759765625
2018-04-11,6968.31982421875,6817.58984375,6968.31982421875
2018-04-12,7899.22998046875,6806.509765625,7889.25
2018-04-13,8183.9599609375,7758.93017578125,7895.9599609375
2018-04-14,8140.7099609375,7846,7986.240234375
2018-04-15,8338.419921875,7999.330078125,8329.1103515625
2018-04-16,8371.150390625,7925.72998046875,8058.669921875
2018-04-17,8285.9599609375,7881.72021484375,7902.08984375
2018-04-18,8197.7998046875,7886.009765625,8163.419921875
2018-04-19,8298.6904296875,8138.77978515625,8294.3095703125
2018-04-20,8880.23046875,8244.5400390625,8845.830078125
2018-04-21,8997.5703125,8652.150390625,8895.580078125
2018-04-22,9001.6396484375,8779.6103515625,8802.4599609375
2018-04-23,8958.5498046875,8788.8095703125,8930.8798828125
2018-04-24,9732.6103515625,8927.830078125,9697.5
2018-04-25,9745.3203125,8799.83984375,8845.740234375
2018-04-26,9281.509765625,8727.08984375,9281.509765625
2018-04-27,9375.4697265625,8987.0498046875,8987.0498046875
2018-04-28,9412.08984375,8931.990234375,9348.48046875
2018-04-29,9531.490234375,9193.7099609375,9419.080078125
2018-04-30,9477.1396484375,9166.8095703125,9240.5498046875
2018-05-01,9255.8798828125,8891.0498046875,9119.009765625
2018-05-02,9256.51953125,9015.1396484375,9235.919921875
2018-05-03,9798.330078125,9188.150390625,9743.8603515625
2018-05-04,9779.2001953125,9585.9599609375,9700.759765625
2018-05-05,9964.5,9695.1201171875,9858.150390625
2018-05-06,9940.1396484375,9465.25,9654.7998046875
2018-05-07,9665.849609375,9231.5302734375,9373.009765625
2018-05-08,9462.75,9127.76953125,9234.8203125
2018-05-09,9374.759765625,9031.6201171875,9325.1796875
2018-05-10,9396.0400390625,9040.51953125,9043.9404296875
2018-05-11,9052.9599609375,8394.4599609375,8441.490234375
2018-05-12,8664.8603515625,8223.5,8504.8896484375
2018-05-13,8773.5498046875,8395.1201171875,8723.9404296875
2018-05-14,8881.1201171875,8367.9697265625,8716.7900390625
2018-05-15,8836.1904296875,8456.4501953125,8510.3798828125
2018-05-16,8508.4296875,8175.490234375,8368.830078125
2018-05-17,8445.5400390625,8054.1201171875,8094.31982421875
2018-05-18,8274.1201171875,7974.81982421875,8250.9697265625
2018-05-19,8372.0595703125,8183.35009765625,8247.1796875
2018-05-20,8562.41015625,8205.240234375,8513.25
2018-05-21,8557.51953125,8365.1201171875,8418.990234375
2018-05-22,8423.25,8004.580078125,8041.77978515625
2018-05-23,8054.66015625,7507.8798828125,7557.81982421875
2018-05-24,7738.60009765625,7331.14013671875,7587.33984375
2018-05-25,7659.14013671875,7392.64990234375,7480.14013671875
2018-05-26,7595.16015625,7349.1201171875,7355.8798828125
2018-05-27,7381.740234375,7270.9599609375,7368.22021484375
2018-05-28,7419.0498046875,7100.89013671875,7135.990234375
2018-05-29,7526.419921875,7090.68017578125,7472.58984375
2018-05-30,7573.77001953125,7313.60009765625,7406.52001953125
2018-05-31,7608.89990234375,7361.1298828125,7494.169921875
2018-06-01,7604.72998046875,7407.33984375,7541.4501953125
2018-06-02,7695.830078125,7497.259765625,7643.4501953125
2018-06-03,7754.89013671875,7613.0400390625,7720.25
2018-06-04,7753.81982421875,7474.0400390625,7514.47021484375
2018-06-05,7643.22998046875,7397,7633.759765625
2018-06-06,7680.43017578125,7502.009765625,7653.97998046875
2018-06-07,7741.27001953125,7650.81982421875,7678.240234375
2018-06-08,7698.18994140625,7558.39990234375,7624.919921875
2018-06-09,7683.580078125,7531.97998046875,7531.97998046875
2018-06-10,7499.5498046875,6709.06982421875,6786.02001953125
2018-06-11,6910.18017578125,6706.6298828125,6906.919921875
2018-06-12,6907.9599609375,6542.080078125,6582.35986328125
2018-06-13,6631.66015625,6285.6298828125,6349.89990234375
2018-06-14,6707.14013671875,6334.4599609375,6675.35009765625
2018-06-15,6681.080078125,6433.8701171875,6456.580078125
2018-06-16,6592.490234375,6402.2900390625,6550.16015625
2018-06-17,6589.10986328125,6499.27001953125,6499.27001953125
2018-06-18,6781.14013671875,6446.68017578125,6734.81982421875
2018-06-19,6822.5,6709.919921875,6769.93994140625
2018-06-20,6821.56005859375,6611.8798828125,6776.5498046875
2018-06-21,6810.93994140625,6715.169921875,6729.740234375
2018-06-22,6747.080078125,6006.60009765625,6083.68994140625
2018-06-23,6224.81982421875,6071.81005859375,6162.47998046875
2018-06-24,6223.77978515625,5826.41015625,6173.22998046875
2018-06-25,6327.3701171875,6119.68017578125,6249.18017578125
2018-06-26,6290.16015625,6093.669921875,6093.669921875
2018-06-27,6180,6052.85009765625,6157.1298828125
2018-06-28,6170.41015625,5873.0498046875,5903.43994140625
2018-06-29,6261.66015625,5835.75,6218.2998046875
2018-06-30,6465.509765625,6214.22021484375,6404
2018-07-01,6432.85009765625,6289.2900390625,6385.81982421875
2018-07-02,6683.85986328125,6305.7001953125,6614.18017578125
2018-07-03,6671.3701171875,6447.75,6529.58984375
2018-07-04,6771.919921875,6450.4599609375,6597.5498046875
2018-07-05,6749.5400390625,6546.64990234375,6639.14013671875
2018-07-06,6700.93994140625,6533.5498046875,6673.5
2018-07-07,6863.990234375,6579.240234375,6856.93017578125
2018-07-08,6885.91015625,6747.97998046875,6773.8798828125
2018-07-09,6838.68017578125,6724.33984375,6741.75
2018-07-10,6767.740234375,6320.72021484375,6329.9501953125
2018-07-11,6444.9599609375,6330.47021484375,6394.7099609375
2018-07-12,6397.10009765625,6136.419921875,6228.81005859375
2018-07-13,6310.5498046875,6192.240234375,6238.0498046875
2018-07-14,6298.18994140625,6212.22021484375,6276.1201171875
2018-07-15,6403.4599609375,6256.509765625,6359.64013671875
2018-07-16,6741.75,6357.009765625,6741.75
2018-07-17,7387.240234375,6684.169921875,7321.0400390625
2018-07-18,7534.990234375,7280.47021484375,7370.77978515625
2018-07-19,7494.4599609375,7295.4599609375,7466.85986328125
2018-07-20,7594.669921875,7323.259765625,7354.1298828125
2018-07-21,7437.64013671875,7262.41015625,7419.2900390625
2018-07-22,7537.9501953125,7383.81982421875,7418.490234375
2018-07-23,7771.5,7409.10009765625,7711.10986328125
2018-07-24,8424.26953125,7705.5,8424.26953125
2018-07-25,8416.8701171875,8086.35986328125,8181.39013671875
2018-07-26,8290.330078125,7878.7099609375,7951.580078125
2018-07-27,8262.66015625,7839.759765625,8165.009765625
2018-07-28,8222.849609375,8110.77001953125,8192.150390625
2018-07-29,8272.259765625,8141.18017578125,8218.4599609375
2018-07-30,8235.5,7917.5,8180.47998046875
2018-07-31,8181.52978515625,7696.93017578125,7780.43994140625
2018-08-01,7769.0400390625,7504.9501953125,7624.91015625
2018-08-02,7712.77001953125,7523.43994140625,7567.14990234375
2018-08-03,7562.14013671875,7328.64990234375,7434.39013671875
2018-08-04,7497.490234375,6984.06982421875,7032.85009765625
2018-08-05,7102.77001953125,6940.7001953125,7068.47998046875
2018-08-06,7166.5498046875,6890.5400390625,6951.7998046875
2018-08-07,7146.56005859375,6748.240234375,6753.1201171875
2018-08-08,6746.85009765625,6226.22021484375,6305.7998046875
2018-08-09,6625.72998046875,6249.06982421875,6568.22998046875
2018-08-10,6591.259765625,6124.52001953125,6184.7099609375
2018-08-11,6455.740234375,6109.02978515625,6295.72998046875
2018-08-12,6409.85009765625,6237.5,6322.68994140625
2018-08-13,6537.0498046875,6225.72021484375,6297.56982421875
2018-08-14,6287.93994140625,5971.0498046875,6199.7099609375
2018-08-15,6588.490234375,6221.419921875,6308.52001953125
2018-08-16,6473.5,6276.41015625,6334.72998046875
2018-08-17,6582.5,6324.97021484375,6580.6298828125
2018-08-18,6617.35009765625,6353.72998046875,6423.759765625
2018-08-19,6537.97998046875,6361.5498046875,6506.06982421875
2018-08-20,6536.919921875,6297.93017578125,6308.52978515625
2018-08-21,6500.8701171875,6298.240234375,6488.759765625
2018-08-22,6816.7900390625,6310.10986328125,6376.7099609375
2018-08-23,6546.5400390625,6371.33984375,6534.8798828125
2018-08-24,6719.9599609375,6498.64013671875,6719.9599609375
2018-08-25,6789.6298828125,6700.9599609375,6763.18994140625
2018-08-26,6774.75,6620.75,6707.259765625
2018-08-27,6884.64013671875,6689.7099609375,6884.64013671875
2018-08-28,7109.56005859375,6882.33984375,7096.27978515625
2018-08-29,7113.2998046875,6970.81982421875,7047.16015625
2018-08-30,7072.68994140625,6834.68994140625,6978.22998046875
2018-08-31,7057.169921875,6920.16015625,7037.580078125
2018-09-01,7242.2900390625,7038.0498046875,7193.25
2018-09-02,7306.31005859375,7132.16015625,7272.72021484375
2018-09-03,7317.93994140625,7208.14990234375,7260.06005859375
2018-09-04,7388.259765625,7255.43994140625,7361.66015625
2018-09-05,7388.43017578125,6792.830078125,6792.830078125
2018-09-06,6755.14013671875,6404.72021484375,6529.169921875
2018-09-07,6555.2900390625,6396.8701171875,6467.06982421875
2018-09-08,6534.25,6197.52001953125,6225.97998046875
2018-09-09,6446.259765625,6201.22021484375,6300.85986328125
2018-09-10,6374.97998046875,6292.759765625,6329.7001953125
2018-09-11,6398.919921875,6260.2099609375,6321.2001953125
2018-09-12,6363.8701171875,6265.08984375,6351.7998046875
2018-09-13,6535.41015625,6354.240234375,6517.31005859375
2018-09-14,6596.10009765625,6456.169921875,6512.7099609375
2018-09-15,6561.72021484375,6493.5498046875,6543.2001953125
2018-09-16,6544.330078125,6460.10009765625,6517.18017578125
2018-09-17,6540.2099609375,6257.52001953125,6281.2001953125
2018-09-18,6384.18017578125,6265.7099609375,6371.2998046875
2018-09-19,6448.4599609375,6208.33984375,6398.5400390625
2018-09-20,6529.259765625,6395.9501953125,6519.669921875
2018-09-21,6794.330078125,6496.35986328125,6734.9501953125
2018-09-22,6814.56005859375,6616.7998046875,6721.97998046875
2018-09-23,6766.14990234375,6679.419921875,6710.6298828125
2018-09-24,6713.56005859375,6580.89990234375,6595.41015625
2018-09-25,6603.64013671875,6381.85986328125,6446.47021484375
2018-09-26,6585.91015625,6397.89013671875,6495
2018-09-27,6712.10009765625,6464.9501953125,6676.75
2018-09-28,6785.02978515625,6598.31982421875,6644.1298828125
2018-09-29,6643.10009765625,6511.64990234375,6601.9599609375
2018-09-30,6643.77978515625,6566.5400390625,6625.56005859375
2018-10-01,6653.2998046875,6549.080078125,6589.6201171875
2018-10-02,6611.83984375,6537.89990234375,6556.10009765625
2018-10-03,6571.4599609375,6454.02978515625,6502.58984375
2018-10-04,6603.31005859375,6497.91015625,6576.68994140625
2018-10-05,6623.6201171875,6557.41015625,6622.47998046875
2018-10-06,6628.5400390625,6577.7998046875,6588.31005859375
2018-10-07,6641.490234375,6557.0400390625,6602.9501953125
2018-10-08,6675.06005859375,6576.0400390625,6652.22998046875
2018-10-09,6661.41015625,6606.93994140625,6642.64013671875
2018-10-10,6640.2900390625,6538.9599609375,6585.52978515625
2018-10-11,6586.740234375,6243.740234375,6256.240234375
2018-10-12,6328.5,6236.47021484375,6274.580078125
2018-10-13,6308.509765625,6259.81005859375,6285.990234375
2018-10-14,6363.2099609375,6280.14990234375,6290.93017578125
2018-10-15,6965.06005859375,6258.68017578125,6596.5400390625
2018-10-16,6673.58984375,6571.3701171875,6596.10986328125
2018-10-17,6601.2099609375,6517.4501953125,6544.43017578125
2018-10-18,6567.5400390625,6450.0400390625,6476.7099609375
2018-10-19,6493.68017578125,6445.31005859375,6465.41015625
2018-10-20,6497.72021484375,6449,6489.18994140625
2018-10-21,6556.3798828125,6476,6482.35009765625
2018-10-22,6543.7998046875,6462.97998046875,6487.16015625
2018-10-23,6506.009765625,6451.27001953125,6475.740234375
2018-10-24,6521.990234375,6468.85986328125,6495.83984375
2018-10-25,6504.64990234375,6447.02978515625,6476.2900390625
2018-10-26,6498.2900390625,6449.60986328125,6474.75
2018-10-27,6507.41015625,6453.52978515625,6480.3798828125
2018-10-28,6502.27978515625,6447.91015625,6486.39013671875
2018-10-29,6503.60009765625,6306.990234375,6332.6298828125
2018-10-30,6364.990234375,6310.14013671875,6334.27001953125
2018-10-31,6349.16015625,6316.8798828125,6317.60986328125
2018-11-01,6547.14013671875,6311.830078125,6377.77978515625
2018-11-02,6396.85986328125,6327.3798828125,6388.43994140625
2018-11-03,6400.06982421875,6342.3701171875,6361.259765625
2018-11-04,6388.6298828125,6294.56982421875,6376.1298828125
2018-11-05,6480.58984375,6363.6201171875,6419.66015625
2018-11-06,6463.5498046875,6408.16015625,6461.009765625
2018-11-07,6552.16015625,6468.31005859375,6530.14013671875
2018-11-08,6536.919921875,6438.52978515625,6453.72021484375
2018-11-09,6456.4599609375,6373.3701171875,6385.6201171875
2018-11-10,6437.27978515625,6385.31005859375,6409.22021484375
2018-11-11,6423.25,6350.169921875,6411.27001953125
2018-11-12,6434.2099609375,6360.47021484375,6371.27001953125
2018-11-13,6395.27001953125,6342.669921875,6359.490234375
2018-11-14,6371.5498046875,5544.08984375,5738.35009765625
2018-11-15,5774.81982421875,5358.3798828125,5648.02978515625
2018-11-16,5657.02001953125,5498.93994140625,5575.5498046875
2018-11-17,5578.580078125,5519.56005859375,5554.330078125
2018-11-18,5653.60986328125,5559.740234375,5623.5400390625
2018-11-19,5620.77978515625,4842.91015625,4871.490234375
2018-11-20,4951.60986328125,4272.10986328125,4451.8701171875
2018-11-21,4675.72998046875,4343.97998046875,4602.169921875
2018-11-22,4629.64013671875,4365.64013671875,4365.93994140625
2018-11-23,4396.419921875,4195.68017578125,4347.10986328125
2018-11-24,4413.08984375,3795.159912109375,3880.760009765625
2018-11-25,4120.8701171875,3585.06005859375,4009.969970703125
2018-11-26,4107.14013671875,3643.919921875,3779.1298828125
2018-11-27,3862.9599609375,3661.010009765625,3820.719970703125
2018-11-28,4385.89990234375,3822.469970703125,4257.419921875
2018-11-29,4413.0205078125,4145.76513671875,4278.8466796875
2018-11-30,4322.9765625,3942.822021484375,4017.2685546875
2018-12-01,4309.37744140625,3969.710693359375,4214.671875
2018-12-02,4301.51953125,4110.978515625,4139.8779296875
2018-12-03,4155.9794921875,3840.4462890625,3894.130859375
2018-12-04,4075.627685546875,3832.75,3956.893798828125
2018-12-05,3969.535888671875,3753.994873046875,3753.994873046875
2018-12-06,3874.966064453125,3521.101806640625,3521.101806640625
2018-12-07,3512.59033203125,3280.228759765625,3419.937255859375
2018-12-08,3506.04345703125,3350.650634765625,3476.11474609375
2018-12-09,3685.3056640625,3469.09423828125,3614.234375
2018-12-10,3647.33251953125,3470.14453125,3502.656005859375
2018-12-11,3513.18505859375,3392.25,3424.588134765625
2018-12-12,3534.228515625,3413.4814453125,3486.9501953125
2018-12-13,3489.739501953125,3298.132080078125,3313.67724609375
2018-12-14,3329.555908203125,3206.542236328125,3242.48486328125
2018-12-15,3275.3779296875,3191.303466796875,3236.76171875
2018-12-16,3305.753173828125,3233.81982421875,3252.839111328125
2018-12-17,3597.91796875,3253.123046875,3545.86474609375
2018-12-18,3701.349365234375,3487.169189453125,3696.05908203125
2018-12-19,3949.322998046875,3687.22998046875,3745.95068359375
2018-12-20,4191.228515625,3728.974609375,4134.44140625
2018-12-21,4198.4296875,3850.9462890625,3896.543701171875
2018-12-22,4014.1826171875,3855.739013671875,4014.1826171875
2018-12-23,4085.7236328125,3976.40576171875,3998.980224609375
2018-12-24,4271.79248046875,4000.331787109375,4078.59912109375
2018-12-25,4089.5615234375,3760.0205078125,3815.49072265625
2018-12-26,3893.359619140625,3769.86376953125,3857.297607421875
2018-12-27,3874.4169921875,3645.448486328125,3654.83349609375
2018-12-28,3956.135986328125,3642.632080078125,3923.918701171875
2018-12-29,3963.7587890625,3820.40869140625,3820.40869140625
2018-12-30,3901.908935546875,3797.21923828125,3865.95263671875
2018-12-31,3868.742919921875,3725.867431640625,3742.700439453125
2019-01-01,3850.913818359375,3707.231201171875,3843.52001953125
2019-01-02,3947.981201171875,3817.409423828125,3943.409423828125
2019-01-03,3935.68505859375,3826.222900390625,3836.7412109375
2019-01-04,3865.9345703125,3783.853759765625,3857.717529296875
2019-01-05,3904.903076171875,3836.900146484375,3845.194580078125
2019-01-06,4093.29736328125,3826.51318359375,4076.632568359375
2019-01-07,4092.613525390625,4020.89404296875,4025.248291015625
2019-01-08,4109.02099609375,3996.955322265625,4030.847900390625
2019-01-09,4068.403564453125,4022.662841796875,4035.29638671875
2019-01-10,4064.066650390625,3659.174560546875,3678.924560546875
2019-01-11,3713.8818359375,3653.06982421875,3687.365478515625
2019-01-12,3698.978271484375,3653.810791015625,3661.301025390625
2019-01-13,3674.760009765625,3544.92724609375,3552.953125
2019-01-14,3727.836181640625,3552.28515625,3706.05224609375
2019-01-15,3720.1533203125,3619.94921875,3630.67529296875
2019-01-16,3685.777099609375,3624.67333984375,3655.0068359375
2019-01-17,3680.135986328125,3621.9609375,3678.56396484375
2019-01-18,3682.52001953125,3637.080810546875,3657.83935546875
2019-01-19,3758.533447265625,3652.3779296875,3728.568359375
2019-01-20,3743.387939453125,3583.01953125,3601.013671875
2019-01-21,3608.8408203125,3558.537109375,3576.032470703125
2019-01-22,3620.74658203125,3539.721435546875,3604.5771484375
2019-01-23,3623.06787109375,3565.31396484375,3585.123046875
2019-01-24,3616.08740234375,3569.0927734375,3600.865478515625
2019-01-25,3612.927734375,3575.597412109375,3599.765869140625
2019-01-26,3654.93310546875,3593.345947265625,3602.46044921875
2019-01-27,3612.67138671875,3567.245849609375,3583.9658203125
2019-01-28,3586.7509765625,3439.23291015625,3470.450439453125
2019-01-29,3476.0654296875,3400.81982421875,3448.116943359375
2019-01-30,3495.1748046875,3429.387939453125,3486.181640625
2019-01-31,3504.804931640625,3447.915771484375,3457.792724609375
2019-02-01,3501.9541015625,3431.591552734375,3487.9453125
2019-02-02,3523.287353515625,3467.57470703125,3521.060791015625
2019-02-03,3521.38818359375,3447.92431640625,3464.013427734375
2019-02-04,3476.223876953125,3442.5869140625,3459.154052734375
2019-02-05,3478.148193359375,3451.93701171875,3466.357421875
2019-02-06,3469.091796875,3398.5654296875,3413.767822265625
2019-02-07,3427.945556640625,3394.218505859375,3399.4716796875
2019-02-08,3695.614013671875,3391.023681640625,3666.7802734375
2019-02-09,3679.94140625,3646.559326171875,3671.20361328125
2019-02-10,3695.0361328125,3640.97998046875,3690.188232421875
2019-02-11,3695.613037109375,3642.287841796875,3648.4306640625
2019-02-12,3668.5869140625,3618.556884765625,3653.528564453125
2019-02-13,3669.74658203125,3617.246337890625,3632.070556640625
2019-02-14,3646.256591796875,3607.69775390625,3616.880859375
2019-02-15,3647.795166015625,3608.20654296875,3620.810791015625
2019-02-16,3652.84130859375,3615.270263671875,3629.78759765625
2019-02-17,3680.537353515625,3619.18212890625,3673.836181640625
2019-02-18,3936.6650390625,3669.982421875,3915.71435546875
2019-02-19,4010.87939453125,3908.153076171875,3947.094482421875
2019-02-20,4000.486328125,3926.246826171875,3999.820556640625
2019-02-21,4010.009521484375,3940.108154296875,3954.1181640625
2019-02-22,4006.538330078125,3950.81640625,4005.526611328125
2019-02-23,4166.2861328125,3968.726806640625,4142.52685546875
2019-02-24,4210.6416015625,3793.708984375,3810.427490234375
2019-02-25,3913.707275390625,3807.00244140625,3882.6962890625
2019-02-26,3891.578857421875,3837.986328125,3854.35791015625
2019-02-27,3888.802490234375,3787.058837890625,3851.04736328125
2019-02-28,3906.058349609375,3845.8212890625,3854.785400390625
2019-03-01,3907.79541015625,3851.6923828125,3859.583740234375
2019-03-02,3874.607421875,3832.1279296875,3864.4150390625
2019-03-03,3875.483642578125,3836.90576171875,3847.17578125
2019-03-04,3867.3818359375,3733.749755859375,3761.55712890625
2019-03-05,3903.916748046875,3745.18310546875,3896.375
2019-03-06,3919.510498046875,3871.460693359375,3903.942626953125
2019-03-07,3939.373291015625,3894.113037109375,3911.484375
2019-03-08,3950.43212890625,3875.228515625,3901.131591796875
2019-03-09,3987.23779296875,3892.390380859375,3963.313720703125
2019-03-10,3966.17431640625,3924.381103515625,3951.599853515625
2019-03-11,3966.384765625,3889.239013671875,3905.227294921875
2019-03-12,3926.88916015625,3863.55908203125,3909.15625
2019-03-13,3926.59765625,3891.904296875,3906.71728515625
2019-03-14,3946.50439453125,3901.296875,3924.369140625
2019-03-15,3968.54296875,3914.015380859375,3960.9111328125
2019-03-16,4077.036376953125,3961.657470703125,4048.725830078125
2019-03-17,4054.1220703125,4006.4111328125,4025.22900390625
2019-03-18,4071.556640625,4009.1171875,4032.50732421875
2019-03-19,4082.216064453125,4023.8125,4071.190185546875
2019-03-20,4089.4619140625,4031.11083984375,4087.476318359375
2019-03-21,4097.35986328125,4005.1513671875,4029.326904296875
2019-03-22,4053.90673828125,4021.54248046875,4023.96826171875
2019-03-23,4049.882568359375,4015.964599609375,4035.826416015625
2019-03-24,4040.69970703125,4006.19287109375,4022.168212890625
2019-03-25,4038.8408203125,3934.03125,3963.070556640625
2019-03-26,3985.080810546875,3944.753173828125,3985.080810546875
2019-03-27,4087.066162109375,3977.810546875,4087.066162109375
2019-03-28,4094.902099609375,4040.266357421875,4069.107177734375
2019-03-29,4113.5009765625,4034.09716796875,4098.37451171875
2019-03-30,4296.806640625,4053.90966796875,4106.66015625
2019-03-31,4113.0234375,4094.100830078125,4105.404296875
2019-04-01,4164.953125,4096.9013671875,4158.18310546875
2019-04-02,4905.95458984375,4155.31689453125,4879.8779296875
2019-04-03,5307.00341796875,4876.62109375,4973.02197265625
2019-04-04,5063.15966796875,4836.7939453125,4922.798828125
2019-04-05,5053.509765625,4919.49169921875,5036.68115234375
2019-04-06,5205.82177734375,4992.22216796875,5059.8173828125
2019-04-07,5235.1865234375,5050.412109375,5198.89697265625
2019-04-08,5318.83642578125,5148.2119140625,5289.77099609375
2019-04-09,5289.91796875,5167.4189453125,5204.95849609375
2019-04-10,5421.6513671875,5193.38232421875,5324.5517578125
2019-04-11,5354.2255859375,5017.29638671875,5064.48779296875
2019-04-12,5103.2744140625,4955.8525390625,5089.5390625
2019-04-13,5127.1220703125,5061.58935546875,5096.58642578125
2019-04-14,5184.01611328125,5053.568359375,5167.72216796875
2019-04-15,5196.60693359375,5024.0693359375,5067.1083984375
2019-04-16,5238.9453125,5055.19482421875,5235.5595703125
2019-04-17,5274.275390625,5219.20556640625,5251.93798828125
2019-04-18,5319.986328125,5250.5068359375,5298.3857421875
2019-04-19,5336.68017578125,5233.3349609375,5303.8125
2019-04-20,5358.49072265625,5295.8779296875,5337.88623046875
2019-04-21,5359.9248046875,5257.33935546875,5314.53125
2019-04-22,5422.6875,5280.27685546875,5399.365234375
2019-04-23,5633.80224609375,5389.40869140625,5572.3623046875
2019-04-24,5642.04443359375,5418.26318359375,5464.86669921875
2019-04-25,5542.23828125,5181.3388671875,5210.515625
2019-04-26,5383.63427734375,5177.36865234375,5279.34814453125
2019-04-27,5310.75,5233.6357421875,5268.291015625
2019-04-28,5326.23193359375,5255.68359375,5285.13916015625
2019-04-29,5311.27490234375,5216.48779296875,5247.3525390625
2019-04-30,5363.25732421875,5224.18994140625,5350.7265625
2019-05-01,5418.00390625,5347.64599609375,5402.697265625
2019-05-02,5522.2626953125,5394.21728515625,5505.28369140625
2019-05-03,5865.8818359375,5490.20166015625,5768.28955078125
2019-05-04,5886.8935546875,5645.46923828125,5831.16748046875
2019-05-05,5833.86279296875,5708.03515625,5795.70849609375
2019-05-06,5802.95751953125,5653.6875,5746.80712890625
2019-05-07,5988.17822265625,5741.39599609375,5829.50146484375
2019-05-08,5989.98095703125,5794.7158203125,5982.45751953125
2019-05-09,6183.0390625,5982.31640625,6174.52880859375
2019-05-10,6434.61767578125,6161.51904296875,6378.84912109375
2019-05-11,7333.0029296875,6375.69873046875,7204.771484375
2019-05-12,7503.8720703125,6815.77099609375,6972.37158203125
2019-05-13,8047.4130859375,6898.2822265625,7814.9150390625
2019-05-14,8268.712890625,7696.39111328125,7994.416015625
2019-05-15,8216.423828125,7899.10693359375,8205.16796875
2019-05-16,8320.82421875,7729.6083984375,7884.9091796875
2019-05-17,7929.1455078125,7038.12451171875,7343.8955078125
2019-05-18,7447.27197265625,7251.50439453125,7271.2080078125
2019-05-19,8261.94140625,7267.962890625,8197.689453125
2019-05-20,8200.9677734375,7678.78173828125,7978.30908203125
2019-05-21,8062.16796875,7843.33984375,7963.32763671875
2019-05-22,7997.6123046875,7615.9873046875,7680.06640625
2019-05-23,7943.79150390625,7533.19677734375,7881.8466796875
2019-05-24,8140.7197265625,7824.44873046875,7987.37158203125
2019-05-25,8117.92578125,7965.97607421875,8052.5439453125
2019-05-26,8687.5205078125,7924.67041015625,8673.2158203125
2019-05-27,8907.1748046875,8668.705078125,8805.7783203125
2019-05-28,8807.0166015625,8634.7216796875,8719.9619140625
2019-05-29,8755.8525390625,8482.728515625,8659.4873046875
2019-05-30,9008.314453125,8221.2734375,8319.47265625
2019-05-31,8586.6591796875,8172.55078125,8574.501953125
2019-06-01,8625.6005859375,8481.578125,8564.0166015625
2019-06-02,8809.3037109375,8561.2353515625,8742.9580078125
2019-06-03,8743.5,8204.185546875,8208.9951171875
2019-06-04,8210.9853515625,7564.48876953125,7707.77099609375
2019-06-05,7901.84912109375,7668.66845703125,7824.2314453125
2019-06-06,7937.3408203125,7571.47119140625,7822.0234375
2019-06-07,8126.1533203125,7788.37353515625,8043.951171875
2019-06-08,8076.89111328125,7837.61083984375,7954.1279296875
2019-06-09,7975.97412109375,7583.2197265625,7688.0771484375
2019-06-10,8031.90966796875,7586.73095703125,8000.32958984375
2019-06-11,8026.39404296875,7772.8037109375,7927.71435546875
2019-06-12,8196.6484375,7862.35986328125,8145.857421875
2019-06-13,8311.5673828125,8087.06103515625,8230.923828125
2019-06-14,8710.63671875,8183.39306640625,8693.8330078125
2019-06-15,8859.1279296875,8618.3955078125,8838.375
2019-06-16,9335.8671875,8814.556640625,8994.48828125
2019-06-17,9416.4072265625,8988.923828125,9320.3525390625
2019-06-18,9348.3740234375,9004.9013671875,9081.7626953125
2019-06-19,9299.62109375,9070.3955078125,9273.521484375
2019-06-20,9594.419921875,9232.484375,9527.16015625
2019-06-21,10144.556640625,9525.07421875,10144.556640625
2019-06-22,11157.345703125,10107.03515625,10701.69140625
2019-06-23,11246.14453125,10556.095703125,10855.37109375
2019-06-24,11065.896484375,10610.427734375,11011.1025390625
2019-06-25,11790.9169921875,11007.2021484375,11790.9169921875
2019-06-26,13796.4892578125,11755.59765625,13016.2314453125
2019-06-27,13311.14453125,10491.8525390625,11182.806640625
2019-06-28,12445.1748046875,10914.4951171875,12407.33203125
2019-06-29,12400.91015625,11508.37890625,11959.37109375
2019-06-30,12178.3837890625,10799.0087890625,10817.1552734375
2019-07-01,11206.439453125,10089.314453125,10583.134765625
2019-07-02,10912.1884765625,9737.884765625,10801.677734375
2019-07-03,11968.078125,10818.15625,11961.26953125
2019-07-04,12006.0751953125,11166.5693359375,11215.4375
2019-07-05,11395.6611328125,10874.96484375,10978.4599609375
2019-07-06,11620.96484375,10982.5439453125,11208.55078125
2019-07-07,11541.6201171875,11148.8046875,11450.8466796875
2019-07-08,12345.8330078125,11393.3740234375,12285.9580078125
2019-07-09,12779.1318359375,12233.26171875,12573.8125
2019-07-10,13129.529296875,11710.978515625,12156.5126953125
2019-07-11,12144.623046875,11158.9228515625,11358.662109375
2019-07-12,11905.4873046875,11179.14453125,11815.986328125
2019-07-13,11841.95703125,10908.4794921875,11392.37890625
2019-07-14,11451.2041015625,10234.576171875,10256.05859375
2019-07-15,11052.7666015625,9992.0068359375,10895.08984375
2019-07-16,10996.6328125,9448.1064453125,9477.6416015625
2019-07-17,9963.134765625,9163.134765625,9693.802734375
2019-07-18,10736.8427734375,9376.798828125,10666.482421875
2019-07-19,10716.98046875,10229.62890625,10530.732421875
2019-07-20,11048.662109375,10451.2763671875,10767.1396484375
2019-07-21,10841.8876953125,10389.599609375,10599.10546875
2019-07-22,10651.791015625,10154.921875,10343.1064453125
2019-07-23,10346.748046875,9883.5947265625,9900.767578125
2019-07-24,9908.796875,9614.306640625,9811.92578125
2019-07-25,10154.25390625,9773.95703125,9911.841796875
2019-07-26,9916.517578125,9717.982421875,9870.3037109375
2019-07-27,10167.3203125,9411.521484375,9477.677734375
2019-07-28,9575.544921875,9252.296875,9552.8603515625
2019-07-29,9681.6484375,9472.9482421875,9519.1455078125
2019-07-30,9701.759765625,9437.3359375,9607.423828125
2019-07-31,10085.6279296875,9598.09765625,10085.6279296875
2019-08-01,10446.919921875,9922.01953125,10399.6689453125
2019-08-02,10657.953125,10371.013671875,10518.1748046875
2019-08-03,10946.78125,10503.5048828125,10821.7265625
2019-08-04,11009.20703125,10620.2783203125,10970.1845703125
2019-08-05,11895.091796875,10960.7353515625,11805.6533203125
2019-08-06,12273.8212890625,11290.7314453125,11478.1689453125
2019-08-07,12036.990234375,11433.701171875,11941.96875
2019-08-08,11979.419921875,11556.16796875,11966.4072265625
2019-08-09,11970.4580078125,11709.7451171875,11862.9365234375
2019-08-10,11915.6552734375,11323.8984375,11354.0244140625
2019-08-11,11523.5791015625,11248.294921875,11523.5791015625
2019-08-12,11528.189453125,11320.951171875,11382.6162109375
2019-08-13,11420.0498046875,10830.3271484375,10895.830078125
2019-08-14,10889.556640625,10028.1357421875,10051.7041015625
2019-08-15,10437.4111328125,9675.31640625,10311.5458984375
2019-08-16,10524.349609375,9855.478515625,10374.3388671875
2019-08-17,10452.625,10086.6982421875,10231.744140625
2019-08-18,10487.0703125,10119.0947265625,10345.810546875
2019-08-19,10916.0537109375,10313.2041015625,10916.0537109375
2019-08-20,10947.0419921875,10618.9609375,10763.232421875
2019-08-21,10798.7294921875,9962.7216796875,10138.0498046875
2019-08-22,10232.99609375,9831.462890625,10131.0556640625
2019-08-23,10442.443359375,10078.1923828125,10407.96484375
2019-08-24,10418.0205078125,9982.296875,10159.9609375
2019-08-25,10304.6220703125,10008.7890625,10138.517578125
2019-08-26,10512.328125,10126.2998046875,10370.8203125
2019-08-27,10381.328125,10087.30078125,10185.5
2019-08-28,10279.3662109375,9716.65625,9754.4228515625
2019-08-29,9756.7861328125,9421.6298828125,9510.2001953125
2019-08-30,9656.1240234375,9428.302734375,9598.173828125
2019-08-31,9673.220703125,9531.7998046875,9630.6640625
2019-09-01,9796.755859375,9582.9443359375,9757.970703125
2019-09-02,10396.591796875,9730.650390625,10346.7607421875
2019-09-03,10736.1044921875,10308.5478515625,10623.5400390625
2019-09-04,10762.64453125,10434.7099609375,10594.4931640625
2019-09-05,10627.26953125,10516.41796875,10575.533203125
2019-09-06,10898.76171875,10292.2998046875,10353.302734375
2019-09-07,10558.673828125,10348.9189453125,10517.2548828125
2019-09-08,10595.6376953125,10409.0908203125,10441.2763671875
2019-09-09,10450.3115234375,10144.9296875,10334.974609375
2019-09-10,10394.353515625,10020.5732421875,10115.9755859375
2019-09-11,10215.9482421875,9980.7763671875,10178.3720703125
2019-09-12,10442.25390625,10099.2421875,10410.126953125
2019-09-13,10441.4892578125,10226.5966796875,10360.546875
2019-09-14,10422.1337890625,10291.6943359375,10358.048828125
2019-09-15,10387.03515625,10313.0927734375,10347.712890625
2019-09-16,10386.8671875,10189.744140625,10276.7939453125
2019-09-17,10296.771484375,10199.7392578125,10241.2724609375
2019-09-18,10275.9287109375,10191.4697265625,10198.248046875
2019-09-19,10295.6689453125,9851.6923828125,10266.4150390625
2019-09-20,10285.8720703125,10132.1865234375,10181.6416015625
2019-09-21,10188.09765625,10000.7080078125,10019.716796875
2019-09-22,10074.4443359375,9922.533203125,10070.392578125
2019-09-23,10074.23828125,9727.1435546875,9729.32421875
2019-09-24,9804.3173828125,8370.8017578125,8620.56640625
2019-09-25,8744.828125,8325.396484375,8486.9931640625
2019-09-26,8515.685546875,7895.62939453125,8118.9677734375
2019-09-27,8271.5205078125,7965.9228515625,8251.845703125
2019-09-28,8285.6171875,8125.431640625,8245.9150390625
2019-09-29,8261.70703125,7990.4970703125,8104.185546875
2019-09-30,8314.2314453125,7830.7587890625,8293.8681640625
2019-10-01,8497.6923828125,8232.6796875,8343.2763671875
2019-10-02,8393.0419921875,8227.6953125,8393.0419921875
2019-10-03,8414.2275390625,8146.43701171875,8259.9921875
2019-10-04,8260.0556640625,8151.23681640625,8205.939453125
2019-10-05,8215.5263671875,8071.12060546875,8151.50048828125
2019-10-06,8161.41015625,7958.8505859375,7988.15576171875
2019-10-07,8308.4501953125,7905.76611328125,8245.623046875
2019-10-08,8332.71484375,8185.76318359375,8228.783203125
2019-10-09,8627.7060546875,8169.298828125,8595.740234375
2019-10-10,8625.2724609375,8471.93359375,8586.4736328125
2019-10-11,8721.7802734375,8316.181640625,8321.7568359375
2019-10-12,8415.2421875,8313.3408203125,8336.5556640625
2019-10-13,8470.98828125,8276.6123046875,8321.005859375
2019-10-14,8390.208984375,8284.130859375,8374.6865234375
2019-10-15,8410.71484375,8182.70654296875,8205.369140625
2019-10-16,8216.8125,7985.08984375,8047.52685546875
2019-10-17,8134.83154296875,8000.94287109375,8103.9111328125
2019-10-18,8138.41357421875,7902.1640625,7973.20751953125
2019-10-19,8082.62939453125,7944.77685546875,7988.560546875
2019-10-20,8281.818359375,7949.439453125,8222.078125
2019-10-21,8296.6943359375,8196.416015625,8243.720703125
2019-10-22,8296.6513671875,8074.462890625,8078.203125
2019-10-23,8092.99951171875,7469.32275390625,7514.671875
2019-10-24,7532.86767578125,7446.98876953125,7493.48876953125
2019-10-25,8691.5400390625,7479.984375,8660.7001953125
2019-10-26,10021.744140625,8662.6220703125,9244.97265625
2019-10-27,9749.529296875,9112.5419921875,9551.71484375
2019-10-28,9805.1181640625,9256.1484375,9256.1484375
2019-10-29,9516.1806640625,9232.6484375,9427.6875
2019-10-30,9426.8740234375,9085.3701171875,9205.7265625
2019-10-31,9383.1611328125,9028.7177734375,9199.5849609375
2019-11-01,9275.6572265625,9132.0478515625,9261.1044921875
2019-11-02,9377.486328125,9249.587890625,9324.7177734375
2019-11-03,9379.806640625,9141.251953125,9235.3544921875
2019-11-04,9505.0517578125,9191.4853515625,9412.6123046875
2019-11-05,9457.41796875,9256.931640625,9342.52734375
2019-11-06,9423.2373046875,9305.9091796875,9360.8798828125
2019-11-07,9368.4765625,9202.353515625,9267.5615234375
2019-11-08,9272.759765625,8775.5341796875,8804.880859375
2019-11-09,8891.818359375,8793.1630859375,8813.58203125
2019-11-10,9103.826171875,8806.162109375,9055.5263671875
2019-11-11,9081.279296875,8700.6083984375,8757.7880859375
2019-11-12,8853.7685546875,8685.427734375,8815.662109375
2019-11-13,8836.841796875,8761.6513671875,8808.2626953125
2019-11-14,8826.943359375,8692.5517578125,8708.0947265625
2019-11-15,8730.873046875,8484.84375,8491.9921875
2019-11-16,8591.9970703125,8473.9736328125,8550.7607421875
2019-11-17,8727.7890625,8500.9677734375,8577.9755859375
2019-11-18,8653.2802734375,8273.5732421875,8309.2861328125
2019-11-19,8408.5166015625,8099.96337890625,8206.1455078125
2019-11-20,8237.240234375,8010.51171875,8027.26806640625
2019-11-21,8110.09814453125,7597.3818359375,7642.75
2019-11-22,7697.3828125,6936.70654296875,7296.57763671875
2019-11-23,7442.2587890625,7151.41796875,7397.796875
2019-11-24,7408.5771484375,7029.2890625,7047.9169921875
2019-11-25,7319.85693359375,6617.1669921875,7146.1337890625
2019-11-26,7320.23046875,7098.572265625,7218.37109375
2019-11-27,7619.693359375,6974.17431640625,7531.66357421875
2019-11-28,7730.07275390625,7454.12158203125,7463.10595703125
2019-11-29,7781.1796875,7460.75634765625,7761.24365234375
2019-11-30,7836.10205078125,7515.849609375,7569.6298828125
2019-12-01,7571.6162109375,7291.341796875,7424.29248046875
2019-12-02,7474.81884765625,7233.3994140625,7321.98828125
2019-12-03,7418.85888671875,7229.35693359375,7320.1455078125
2019-12-04,7539.78466796875,7170.9228515625,7252.03466796875
2019-12-05,7743.431640625,7232.6767578125,7448.3076171875
2019-12-06,7546.99658203125,7392.17529296875,7546.99658203125
2019-12-07,7589.95166015625,7525.71142578125,7556.23779296875
2019-12-08,7634.6064453125,7476.09130859375,7564.34521484375
2019-12-09,7618.091796875,7365.9853515625,7400.8994140625
2019-12-10,7424.02294921875,7246.0439453125,7278.11962890625
2019-12-11,7324.15625,7195.52734375,7217.42724609375
2019-12-12,7266.6396484375,7164.7412109375,7243.13427734375
2019-12-13,7293.560546875,7227.12255859375,7269.6845703125
2019-12-14,7308.83642578125,7097.208984375,7124.673828125
2019-12-15,7181.07568359375,6924.3759765625,7152.3017578125
2019-12-16,7171.1689453125,6903.6826171875,6932.48046875
2019-12-17,6964.0751953125,6587.97412109375,6640.51513671875
2019-12-18,7324.98486328125,6540.04931640625,7276.802734375
2019-12-19,7346.6025390625,7041.3818359375,7202.84423828125
2019-12-20,7257.921875,7086.1240234375,7218.81640625
2019-12-21,7223.22607421875,7112.73583984375,7191.15869140625
2019-12-22,7518.033203125,7167.17919921875,7511.5888671875
2019-12-23,7656.17626953125,7326.1923828125,7355.62841796875
2019-12-24,7535.716796875,7269.52880859375,7322.5322265625
2019-12-25,7357.02001953125,7220.9912109375,7275.15576171875
2019-12-26,7388.302734375,7200.38671875,7238.966796875
2019-12-27,7363.529296875,7189.93408203125,7290.08837890625
2019-12-28,7399.041015625,7286.9052734375,7317.990234375
2019-12-29,7513.9482421875,7279.865234375,7422.65283203125
2019-12-30,7454.82421875,7276.30810546875,7292.9951171875
2019-12-31,7335.2900390625,7169.77783203125,7193.59912109375
2020-01-01,7254.33056640625,7174.9443359375,7200.17431640625
2020-01-02,7212.1552734375,6935.27001953125,6985.47021484375
2020-01-03,7413.71533203125,6914.99609375,7344.88427734375
2020-01-04,7427.3857421875,7309.51416015625,7410.65673828125
2020-01-05,7544.4970703125,7400.53564453125,7411.3173828125
2020-01-06,7781.8671875,7409.29296875,7769.21923828125
2020-01-07,8178.2158203125,7768.2275390625,8163.6923828125
2020-01-08,8396.73828125,7956.7744140625,8079.86279296875
2020-01-09,8082.2958984375,7842.40380859375,7879.0712890625
2020-01-10,8166.55419921875,7726.77490234375,8166.55419921875
2020-01-11,8218.359375,8029.64208984375,8037.53759765625
2020-01-12,8200.0634765625,8009.05908203125,8192.494140625
2020-01-13,8197.7880859375,8079.70068359375,8144.1943359375
2020-01-14,8879.51171875,8140.93310546875,8827.7646484375
2020-01-15,8890.1171875,8657.1875,8807.0107421875
2020-01-16,8846.4609375,8612.095703125,8723.7861328125
2020-01-17,8958.1220703125,8677.31640625,8929.0380859375
2020-01-18,9012.1982421875,8827.33203125,8942.80859375
2020-01-19,9164.3623046875,8620.080078125,8706.2451171875
2020-01-20,8745.5908203125,8560.4736328125,8657.642578125
2020-01-21,8755.7060546875,8544.5205078125,8745.89453125
2020-01-22,8792.994140625,8636.7470703125,8680.8759765625
2020-01-23,8687.7470703125,8333.6376953125,8406.515625
2020-01-24,8514.6669921875,8266.8408203125,8445.4345703125
2020-01-25,8458.453125,8296.21875,8367.84765625
2020-01-26,8602.4013671875,8325.498046875,8596.830078125
2020-01-27,8977.7265625,8597.30859375,8909.8193359375
2020-01-28,9358.58984375,8908.447265625,9358.58984375
2020-01-29,9406.431640625,9269.4677734375,9316.6298828125
2020-01-30,9553.1259765625,9230.8974609375,9508.9931640625
2020-01-31,9521.7060546875,9230.7763671875,9350.529296875
2020-02-01,9439.3232421875,9313.2392578125,9392.875
2020-02-02,9468.7978515625,9217.82421875,9344.365234375
2020-02-03,9540.3720703125,9248.6337890625,9293.521484375
2020-02-04,9331.265625,9112.8115234375,9180.962890625
2020-02-05,9701.2998046875,9163.7041015625,9613.423828125
2020-02-06,9824.619140625,9539.818359375,9729.8017578125
2020-02-07,9834.716796875,9726.0029296875,9795.943359375
2020-02-08,9876.7490234375,9678.91015625,9865.119140625
2020-02-09,10129.435546875,9850.392578125,10116.673828125
2020-02-10,10165.765625,9784.5634765625,9856.611328125
2020-02-11,10210.052734375,9729.3349609375,10208.236328125
2020-02-12,10393.611328125,10202.3876953125,10326.0546875
2020-02-13,10457.626953125,10116.1611328125,10214.3798828125
2020-02-14,10321.99609375,10125.5341796875,10312.1162109375
2020-02-15,10341.5556640625,9874.427734375,9889.4248046875
2020-02-16,10053.96875,9722.38671875,9934.43359375
2020-02-17,9938.8154296875,9507.6376953125,9690.142578125
2020-02-18,10161.935546875,9632.3828125,10141.99609375
2020-02-19,10191.67578125,9611.2236328125,9633.38671875
2020-02-20,9643.216796875,9507.900390625,9608.4755859375
2020-02-21,9723.0146484375,9589.7431640625,9686.44140625
2020-02-22,9698.2314453125,9600.728515625,9663.181640625
2020-02-23,9937.404296875,9657.791015625,9924.515625
2020-02-24,9951.74609375,9537.04296875,9650.1748046875
2020-02-25,9652.7373046875,9305.021484375,9341.705078125
2020-02-26,9354.7783203125,8704.4267578125,8820.5224609375
2020-02-27,8932.892578125,8577.19921875,8784.494140625
2020-02-28,8890.4560546875,8492.9326171875,8672.455078125
2020-02-29,8775.6318359375,8599.5087890625,8599.5087890625
2020-03-01,8726.796875,8471.212890625,8562.4541015625
2020-03-02,8921.30859375,8532.630859375,8869.669921875
2020-03-03,8901.5986328125,8704.990234375,8787.7861328125
2020-03-04,8843.3662109375,8712.431640625,8755.24609375
2020-03-05,9142.0546875,8757.25390625,9078.7626953125
2020-03-06,9167.6953125,9032.0791015625,9122.5458984375
2020-03-07,9163.220703125,8890.744140625,8909.9541015625
2020-03-08,8914.34375,8105.2529296875,8108.1162109375
2020-03-09,8177.79345703125,7690.09814453125,7923.64453125
2020-03-10,8136.9453125,7814.76318359375,7909.7294921875
2020-03-11,7950.814453125,7642.8125,7911.43017578125
2020-03-12,7929.1162109375,4860.35400390625,4970.7880859375
2020-03-13,5838.11474609375,4106.98095703125,5563.70703125
2020-03-14,5625.2265625,5125.0693359375,5200.3662109375
2020-03-15,5836.64501953125,5169.283203125,5392.31494140625
2020-03-16,5385.2294921875,4575.35791015625,5014.47998046875
2020-03-17,5371.3486328125,4981.9091796875,5225.62939453125
2020-03-18,5331.833984375,5069.3359375,5238.4384765625
2020-03-19,6329.73583984375,5236.96875,6191.19287109375
2020-03-20,6844.26171875,5865.78173828125,6198.7783203125
2020-03-21,6378.13525390625,5932.8232421875,6185.06640625
2020-03-22,6359.697265625,5823.7138671875,5830.2548828125
2020-03-23,6443.9345703125,5785.00439453125,6416.31494140625
2020-03-24,6789.02294921875,6411.06640625,6734.8037109375
2020-03-25,6892.51123046875,6536.92626953125,6681.06298828125
2020-03-26,6735.4638671875,6590.962890625,6716.4404296875
2020-03-27,6793.83642578125,6466.70166015625,6469.79833984375
2020-03-28,6467.5009765625,6117.837890625,6242.19384765625
2020-03-29,6250.46728515625,5920.0859375,5922.04296875
2020-03-30,6517.19580078125,5903.234375,6429.841796875
2020-03-31,6504.51513671875,6374.162109375,6438.64453125
2020-04-01,6612.57373046875,6202.37353515625,6606.7763671875
2020-04-02,7088.24755859375,6595.91845703125,6793.62451171875
2020-04-03,7003.220703125,6673.3359375,6733.38720703125
2020-04-04,6878.95361328125,6696.48486328125,6867.52734375
2020-04-05,6883.4140625,6715.92919921875,6791.12939453125
2020-04-06,7271.78125,6782.8896484375,7271.78125
2020-04-07,7427.939453125,7136.71435546875,7176.41455078125
2020-04-08,7356.2236328125,7153.3056640625,7334.0986328125
2020-04-09,7341.4482421875,7179.09423828125,7302.08935546875
2020-04-10,7303.8154296875,6802.47509765625,6865.4931640625
2020-04-11,6926.06982421875,6789.9208984375,6859.0830078125
2020-04-12,7119.947265625,6811.078125,6971.091796875
2020-04-13,6965.61669921875,6668.259765625,6845.03759765625
2020-04-14,6958.55712890625,6793.8212890625,6842.427734375
2020-04-15,6928.66455078125,6633.40283203125,6642.10986328125
2020-04-16,7134.45068359375,6555.50439453125,7116.80419921875
2020-04-17,7167.18310546875,7050.33203125,7096.1845703125
2020-04-18,7269.95654296875,7089.2470703125,7257.6650390625
2020-04-19,7280.52197265625,7167.0546875,7189.4248046875
2020-04-20,7240.29052734375,6835.5029296875,6881.95849609375
2020-04-21,6934.5517578125,6834.4423828125,6880.3232421875
2020-04-22,7145.86572265625,6867.78173828125,7117.20751953125
2020-04-23,7491.78515625,7081.5947265625,7429.724609375
2020-04-24,7574.19580078125,7434.181640625,7550.90087890625
2020-04-25,7641.36376953125,7521.67236328125,7569.93603515625
2020-04-26,7700.59423828125,7561.40771484375,7679.8671875
2020-04-27,7795.60107421875,7679.4189453125,7795.60107421875
2020-04-28,7814.52734375,7730.806640625,7807.05859375
2020-04-29,8871.75390625,7786.04931640625,8801.0380859375
2020-04-30,9440.650390625,8533.255859375,8658.5537109375
2020-05-01,9048.0234375,8667.763671875,8864.7666015625
2020-05-02,9007.1875,8811.3662109375,8988.5966796875
2020-05-03,9167.78125,8830.9716796875,8897.46875
2020-05-04,8956.90625,8645.0244140625,8912.654296875
2020-05-05,9062.4150390625,8856.8271484375,9003.0703125
2020-05-06,9411.4677734375,8966.7060546875,9268.76171875
2020-05-07,9992.6640625,9138.322265625,9951.5185546875
2020-05-08,9996.7431640625,9767.1728515625,9842.666015625
2020-05-09,9913.86328125,9580.64453125,9593.896484375
2020-05-10,9595.5810546875,8395.107421875,8756.4306640625
2020-05-11,9033.470703125,8374.3232421875,8601.7958984375
2020-05-12,8949.8984375,8569.6435546875,8804.4775390625
2020-05-13,9317.87890625,8805.3876953125,9269.9873046875
2020-05-14,9793.2685546875,9255.03515625,9733.7216796875
2020-05-15,9755.828125,9261.3984375,9328.197265625
2020-05-16,9564.205078125,9260.6943359375,9377.013671875
2020-05-17,9823.001953125,9349.5458984375,9670.7392578125
2020-05-18,9906.0302734375,9570.359375,9726.5751953125
2020-05-19,9836.0478515625,9539.6240234375,9729.0380859375
2020-05-20,9804.7939453125,9447.201171875,9522.9814453125
2020-05-21,9555.2421875,8869.9306640625,9081.76171875
2020-05-22,9232.9365234375,9008.638671875,9182.5771484375
2020-05-23,9302.501953125,9118.1083984375,9209.287109375
2020-05-24,9288.404296875,8787.2509765625,8790.3681640625
2020-05-25,8951.005859375,8719.66796875,8906.9345703125
2020-05-26,8991.9677734375,8757.2939453125,8835.052734375
2020-05-27,9203.3203125,8834.1572265625,9181.017578125
2020-05-28,9546.3193359375,9148.45703125,9525.7509765625
2020-05-29,9573.6669921875,9379.3388671875,9439.1240234375
2020-05-30,9704.0302734375,9366.7294921875,9700.4140625
2020-05-31,9700.34375,9432.296875,9461.05859375
2020-06-01,10199.5654296875,9450.8994140625,10167.2685546875
2020-06-02,10182.3408203125,9460.5712890625,9529.8037109375
2020-06-03,9682.859375,9471.8466796875,9656.7177734375
2020-06-04,9887.6103515625,9525.2470703125,9800.63671875
2020-06-05,9869.2373046875,9663.216796875,9665.533203125
2020-06-06,9773.431640625,9591.0244140625,9653.6796875
2020-06-07,9768.498046875,9458.150390625,9758.8525390625
2020-06-08,9782.306640625,9675.8857421875,9771.4892578125
2020-06-09,9836.369140625,9664.7197265625,9795.7001953125
2020-06-10,9908.896484375,9728.291015625,9870.0947265625
2020-06-11,9938.2978515625,9263.0693359375,9321.78125
2020-06-12,9540.4658203125,9285.8515625,9480.84375
2020-06-13,9493.2119140625,9396.009765625,9475.27734375
2020-06-14,9482.2705078125,9347.59375,9386.7880859375
2020-06-15,9504.8603515625,8990.17578125,9450.7021484375
2020-06-16,9579.4306640625,9400.4453125,9538.0244140625
2020-06-17,9540.4228515625,9327.33984375,9480.2548828125
2020-06-18,9482.7822265625,9328.3955078125,9411.8408203125
2020-06-19,9440.8759765625,9274.2958984375,9288.0185546875
2020-06-20,9394.9716796875,9247.3798828125,9332.3408203125
2020-06-21,9401.107421875,9300.4306640625,9303.6298828125
2020-06-22,9655.0732421875,9296.8720703125,9648.7177734375
2020-06-23,9670.541015625,9547.2470703125,9629.658203125
2020-06-24,9680.3671875,9278.2333984375,9313.6103515625
2020-06-25,9340.1611328125,9095.32421875,9264.8134765625
2020-06-26,9310.5166015625,9101.73828125,9162.91796875
2020-06-27,9207.810546875,8998.216796875,9045.390625
2020-06-28,9197.546875,8975.525390625,9143.58203125
2020-06-29,9237.5732421875,9041.8759765625,9190.8544921875
2020-06-30,9217.8359375,9084.837890625,9137.9931640625
2020-07-01,9309.7548828125,9104.7353515625,9228.3251953125
2020-07-02,9274.962890625,9036.623046875,9123.41015625
2020-07-03,9202.3447265625,9058.794921875,9087.3037109375
2020-07-04,9183.2958984375,9053.6298828125,9132.48828125
2020-07-05,9162.18359375,8977.015625,9073.9423828125
2020-07-06,9375.474609375,9058.6640625,9375.474609375
2020-07-07,9360.6171875,9201.8154296875,9252.27734375
2020-07-08,9450.3359375,9249.5,9428.3330078125
2020-07-09,9431.37890625,9234.9990234375,9277.9677734375
2020-07-10,9287.4716796875,9118.001953125,9278.8076171875
2020-07-11,9293.5322265625,9199.4853515625,9240.3466796875
2020-07-12,9319.4189453125,9197.4501953125,9276.5
2020-07-13,9306.4052734375,9224.29296875,9243.6142578125
2020-07-14,9283.841796875,9171.6611328125,9243.2138671875
2020-07-15,9275.3251953125,9171.93359375,9192.8369140625
2020-07-16,9214.3125,9088.947265625,9132.2275390625
2020-07-17,9182.25390625,9089.2021484375,9151.392578125
2020-07-18,9230.9833984375,9100.82421875,9159.0400390625
2020-07-19,9201.3984375,9097.6328125,9185.8173828125
2020-07-20,9214.2705078125,9137.509765625,9164.2314453125
2020-07-21,9407.2626953125,9149.3896484375,9374.8876953125
2020-07-22,9530.5185546875,9319.6533203125,9525.36328125
2020-07-23,9610.2470703125,9483.00390625,9581.072265625
2020-07-24,9623.3369140625,9481.4541015625,9536.892578125
2020-07-25,9704.556640625,9530.2119140625,9677.11328125
2020-07-26,10023.8076171875,9652.84765625,9905.1669921875
2020-07-27,11298.2216796875,9903.9697265625,10990.873046875
2020-07-28,11204.3271484375,10632.6318359375,10912.8232421875
2020-07-29,11304.3974609375,10856.1416015625,11100.4677734375
2020-07-30,11169.3564453125,10895.455078125,11111.2138671875
2020-07-31,11415.8642578125,10987.0537109375,11323.466796875
2020-08-01,11794.775390625,11239.6826171875,11759.5927734375
2020-08-02,12034.14453125,11018.1298828125,11053.6142578125
2020-08-03,11453.0791015625,11012.4150390625,11246.3486328125
2020-08-04,11385.3818359375,11094.1455078125,11205.892578125
2020-08-05,11786.6171875,11158.28515625,11747.0224609375
2020-08-06,11902.3359375,11598.7138671875,11779.7734375
2020-08-07,11898.0380859375,11408.59375,11601.47265625
2020-08-08,11800.064453125,11558.431640625,11754.0458984375
2020-08-09,11806.056640625,11548.7841796875,11675.7392578125
2020-08-10,12045.140625,11662.2568359375,11878.111328125
2020-08-11,11932.7109375,11195.708984375,11410.525390625
2020-08-12,11748.396484375,11249.60546875,11584.9345703125
2020-08-13,11796.396484375,11216.8720703125,11784.1376953125
2020-08-14,12150.994140625,11685.455078125,11768.87109375
2020-08-15,11963.203125,11768.697265625,11865.6982421875
2020-08-16,11934.9013671875,11737.1884765625,11892.8037109375
2020-08-17,12359.056640625,11806.6962890625,12254.40234375
2020-08-18,12335.70703125,11954.525390625,11991.2333984375
2020-08-19,12028.923828125,11687.3330078125,11758.283203125
2020-08-20,11900.4111328125,11710.0634765625,11878.3720703125
2020-08-21,11899.259765625,11564.9794921875,11592.4892578125
2020-08-22,11689.4072265625,11448.8056640625,11681.8251953125
2020-08-23,11713.4296875,11559.9208984375,11664.84765625
2020-08-24,11807.6318359375,11623.25,11774.595703125
2020-08-25,11778.2998046875,11189.8505859375,11366.134765625
2020-08-26,11530.052734375,11296.9931640625,11488.36328125
2020-08-27,11570.7861328125,11185.94140625,11323.3974609375
2020-08-28,11545.615234375,11316.4228515625,11542.5
2020-08-29,11585.640625,11466.29296875,11506.865234375
2020-08-30,11715.2646484375,11492.3818359375,11711.505859375
2020-08-31,11768.876953125,11598.318359375,11680.8203125
2020-09-01,12067.0810546875,11601.12890625,11970.478515625
2020-09-02,11964.8232421875,11290.7939453125,11414.0341796875
2020-09-03,11443.0224609375,10182.46484375,10245.296875
2020-09-04,10663.919921875,10207.9404296875,10511.8134765625
2020-09-05,10581.5712890625,9946.67578125,10169.5673828125
2020-09-06,10353.927734375,10056.8857421875,10280.3515625
2020-09-07,10399.1533203125,9916.4931640625,10369.5634765625
2020-09-08,10414.775390625,9945.1103515625,10131.5166015625
2020-09-09,10350.54296875,10017.2509765625,10242.34765625
2020-09-10,10503.912109375,10238.1357421875,10363.138671875
2020-09-11,10434.9228515625,10140.8369140625,10400.9150390625
2020-09-12,10578.837890625,10292.38671875,10442.1708984375
2020-09-13,10577.21484375,10224.330078125,10323.755859375
2020-09-14,10800.0107421875,10266.0087890625,10680.837890625
2020-09-15,10938.6318359375,10656.4599609375,10796.951171875
2020-09-16,11100.1240234375,10704.884765625,10974.9052734375
2020-09-17,11037.4208984375,10774.6279296875,10948.990234375
2020-09-18,11034.908203125,10829.6572265625,10944.5859375
2020-09-19,11134.0927734375,10909.6181640625,11094.3466796875
2020-09-20,11095.8701171875,10814.4775390625,10938.271484375
2020-09-21,10988.3046875,10380.2607421875,10462.259765625
2020-09-22,10568.0771484375,10382.7265625,10538.4599609375
2020-09-23,10537.828125,10197.865234375,10246.1865234375
2020-09-24,10771.056640625,10231.490234375,10760.06640625
2020-09-25,10777.6962890625,10578.9140625,10692.716796875
2020-09-26,10772.9990234375,10667.28125,10750.7236328125
2020-09-27,10803.9765625,10622.921875,10775.26953125
2020-09-28,10945.34765625,10703.8935546875,10709.65234375
2020-09-29,10860.0009765625,10649.4951171875,10844.640625
2020-09-30,10847.2568359375,10669.3212890625,10784.4912109375
2020-10-01,10933.6240234375,10472.3564453125,10619.4521484375
2020-10-02,10657.837890625,10416.689453125,10575.974609375
2020-10-03,10598.9404296875,10511.1298828125,10549.3291015625
2020-10-04,10686,10534.3916015625,10669.5830078125
2020-10-05,10793.5078125,10634.6005859375,10793.33984375
2020-10-06,10797.578125,10528.890625,10604.40625
2020-10-07,10680.5078125,10562.5068359375,10668.96875
2020-10-08,10945.7373046875,10562.6064453125,10915.685546875
2020-10-09,11102.671875,10846.8505859375,11064.4580078125
2020-10-10,11442.2109375,11056.9404296875,11296.361328125
2020-10-11,11428.8134765625,11288.6279296875,11384.181640625
2020-10-12,11698.4677734375,11240.6865234375,11555.36328125
2020-10-13,11548.984375,11321.224609375,11425.8994140625
2020-10-14,11539.9775390625,11307.8310546875,11429.5068359375
2020-10-15,11569.9140625,11303.603515625,11495.349609375
2020-10-16,11540.0615234375,11223.0126953125,11322.123046875
2020-10-17,11386.26171875,11285.345703125,11358.1015625
2020-10-18,11483.359375,11347.578125,11483.359375
2020-10-19,11799.0927734375,11408.2900390625,11742.037109375
2020-10-20,11999.91796875,11681.48046875,11916.3349609375
2020-10-21,13184.56640625,11900.9287109375,12823.689453125
2020-10-22,13161.59375,12717.09375,12965.8916015625
2020-10-23,13015.9619140625,12752.6474609375,12931.5390625
2020-10-24,13145.06640625,12885.7470703125,13108.0625
2020-10-25,13329.18359375,12910.0615234375,13031.173828125
2020-10-26,13225.2978515625,12822.3828125,13075.248046875
2020-10-27,13759.6689453125,13060.837890625,13654.21875
2020-10-28,13837.6953125,12932.2509765625,13271.28515625
2020-10-29,13612.0478515625,12980.0595703125,13437.8828125
2020-10-30,13651.5166015625,13136.1982421875,13546.5224609375
2020-10-31,14028.2138671875,13457.5302734375,13780.9951171875
2020-11-01,13862.033203125,13628.3779296875,13737.109375
2020-11-02,13808.3232421875,13243.16015625,13550.4892578125
2020-11-03,13984.9814453125,13325.44140625,13950.30078125
2020-11-04,14218.7666015625,13580.4716796875,14133.70703125
2020-11-05,15706.404296875,14102.0888671875,15579.8486328125
2020-11-06,15903.4375,15226.83984375,15565.880859375
2020-11-07,15737.095703125,14423.203125,14833.75390625
2020-11-08,15637.3203125,14744.1103515625,15479.5673828125
2020-11-09,15785.13671875,14865.529296875,15332.3154296875
2020-11-10,15450.3291015625,15124.9599609375,15290.90234375
2020-11-11,15916.2607421875,15290.0068359375,15701.33984375
2020-11-12,16305.00390625,15534.771484375,16276.34375
2020-11-13,16463.177734375,15992.15234375,16317.80859375
2020-11-14,16317.80859375,15749.193359375,16068.138671875
2020-11-15,16123.1103515625,15793.5341796875,15955.587890625
2020-11-16,16816.181640625,15880.7060546875,16716.111328125
2020-11-17,17782.919921875,16564.544921875,17645.40625
2020-11-18,18393.94921875,17352.90625,17804.005859375
2020-11-19,18119.546875,17382.5546875,17817.08984375
2020-11-20,18773.2265625,17765.794921875,18621.314453125
2020-11-21,18936.62109375,18444.359375,18642.232421875
2020-11-22,18688.96875,17671.384765625,18370.001953125
2020-11-23,18711.42578125,18000.796875,18364.12109375
2020-11-24,19348.271484375,18128.65625,19107.46484375
2020-11-25,19390.96484375,18581.146484375,18732.12109375
2020-11-26,18866.28515625,16351.03515625,17150.623046875
2020-11-27,17445.0234375,16526.423828125,17108.40234375
2020-11-28,17853.939453125,16910.65234375,17717.4140625
2020-11-29,18283.62890625,17559.1171875,18177.484375
2020-11-30,19749.263671875,18178.322265625,19625.8359375
2020-12-01,19845.974609375,18321.921875,18802.998046875
2020-12-02,19308.330078125,18347.71875,19201.091796875
2020-12-03,19566.19140625,18925.78515625,19445.3984375
2020-12-04,19511.404296875,18697.193359375,18699.765625
2020-12-05,19160.44921875,18590.193359375,19154.23046875
2020-12-06,19390.5,18897.89453125,19345.12109375
2020-12-07,19411.828125,18931.142578125,19191.630859375
2020-12-08,19283.478515625,18269.9453125,18321.14453125
2020-12-09,18626.29296875,17935.546875,18553.916015625
2020-12-10,18553.298828125,17957.064453125,18264.9921875
2020-12-11,18268.453125,17619.533203125,18058.904296875
2020-12-12,18919.55078125,18046.041015625,18803.65625
2020-12-13,19381.53515625,18734.33203125,19142.3828125
2020-12-14,19305.099609375,19012.708984375,19246.64453125
2020-12-15,19525.0078125,19079.841796875,19417.076171875
2020-12-16,21458.908203125,19298.31640625,21310.59765625
2020-12-17,23642.66015625,21234.67578125,22805.162109375
2020-12-18,23238.6015625,22399.8125,23137.9609375
2020-12-19,24085.85546875,22826.47265625,23869.83203125
2020-12-20,24209.66015625,23147.7109375,23477.294921875
2020-12-21,24059.982421875,22159.3671875,22803.08203125
2020-12-22,23789.90234375,22430.60546875,23783.029296875
2020-12-23,24024.490234375,22802.646484375,23241.345703125
2020-12-24,23768.337890625,22777.59765625,23735.94921875
2020-12-25,24710.1015625,23463.673828125,24664.791015625
2020-12-26,26718.0703125,24522.689453125,26437.037109375
2020-12-27,28288.83984375,25922.76953125,26272.294921875
2020-12-28,27389.111328125,26207.640625,27084.80859375
2020-12-29,27370.720703125,25987.298828125,27362.4375
2020-12-30,28937.740234375,27360.08984375,28840.953125
2020-12-31,29244.876953125,28201.9921875,29001.720703125
2021-01-01,29600.626953125,28803.5859375,29374.15234375
2021-01-02,33155.1171875,29091.181640625,32127.267578125
2021-01-03,34608.55859375,32052.31640625,32782.0234375
2021-01-04,33440.21875,28722.755859375,31971.9140625
2021-01-05,34437.58984375,30221.1875,33992.4296875
2021-01-06,36879.69921875,33514.03515625,36824.36328125
2021-01-07,40180.3671875,36491.19140625,39371.04296875
2021-01-08,41946.73828125,36838.63671875,40797.609375
2021-01-09,41436.3515625,38980.875,40254.546875
2021-01-10,41420.19140625,35984.62890625,38356.44140625
2021-01-11,38346.53125,30549.599609375,35566.65625
2021-01-12,36568.52734375,32697.9765625,33922.9609375
2021-01-13,37599.9609375,32584.66796875,37316.359375
2021-01-14,39966.40625,36868.5625,39187.328125
2021-01-15,39577.7109375,34659.58984375,36825.3671875
2021-01-16,37864.3671875,35633.5546875,36178.140625
2021-01-17,36722.3515625,34069.3203125,35791.27734375
2021-01-18,37299.28515625,34883.84375,36630.07421875
2021-01-19,37755.890625,36069.8046875,36069.8046875
2021-01-20,36378.328125,33570.4765625,35547.75
2021-01-21,35552.6796875,30250.75,30825.69921875
2021-01-22,33811.8515625,28953.373046875,33005.76171875
2021-01-23,33360.9765625,31493.16015625,32067.642578125
2021-01-24,32944.0078125,31106.685546875,32289.37890625
2021-01-25,34802.7421875,32087.787109375,32366.392578125
2021-01-26,32794.55078125,31030.265625,32569.849609375
2021-01-27,32564.029296875,29367.138671875,30432.546875
2021-01-28,33858.3125,30023.20703125,33466.09765625
2021-01-29,38406.26171875,32064.814453125,34316.38671875
2021-01-30,34834.70703125,32940.1875,34269.5234375
2021-01-31,34288.33203125,32270.17578125,33114.359375
2021-02-01,34638.21484375,32384.228515625,33537.17578125
2021-02-02,35896.8828125,33489.21875,35510.2890625
2021-02-03,37480.1875,35443.984375,37472.08984375
2021-02-04,38592.17578125,36317.5,36926.06640625
2021-02-05,38225.90625,36658.76171875,38144.30859375
2021-02-06,40846.546875,38138.38671875,39266.01171875
2021-02-07,39621.8359375,37446.15234375,38903.44140625
2021-02-08,46203.9296875,38076.32421875,46196.46484375
2021-02-09,48003.72265625,45166.9609375,46481.10546875
2021-02-10,47145.56640625,43881.15234375,44918.18359375
2021-02-11,48463.46875,44187.76171875,47909.33203125
2021-02-12,48745.734375,46424.9765625,47504.8515625
2021-02-13,48047.74609375,46392.28125,47105.515625
2021-02-14,49487.640625,47114.5078125,48717.2890625
2021-02-15,48875.5703125,46347.4765625,47945.05859375
2021-02-16,50341.1015625,47201.3046875,49199.87109375
2021-02-17,52533.9140625,49072.37890625,52149.0078125
2021-02-18,52474.10546875,51015.765625,51679.796875
2021-02-19,56113.65234375,50937.27734375,55888.1328125
2021-02-20,57505.2265625,54626.55859375,56099.51953125
2021-02-21,58330.5703125,55672.609375,57539.9453125
2021-02-22,57533.390625,48967.56640625,54207.3203125
2021-02-23,54204.9296875,45290.58984375,48824.42578125
2021-02-24,51290.13671875,47213.5,49705.33203125
2021-02-25,51948.96875,47093.8515625,47093.8515625
2021-02-26,48370.78515625,44454.84375,46339.76171875
2021-02-27,48253.26953125,45269.02734375,46188.453125
2021-02-28,46716.4296875,43241.6171875,45137.76953125
2021-03-01,49784.015625,45115.09375,49631.2421875
2021-03-02,50127.51171875,47228.84375,48378.98828125
2021-03-03,52535.13671875,48274.3203125,50538.2421875
2021-03-04,51735.08984375,47656.9296875,48561.16796875
2021-03-05,49396.4296875,46542.515625,48927.3046875
2021-03-06,49147.21875,47257.52734375,48912.3828125
2021-03-07,51384.3671875,48918.6796875,51206.69140625
2021-03-08,52314.0703125,49506.0546875,52246.5234375
2021-03-09,54824.1171875,51981.83203125,54824.1171875
2021-03-10,57258.25390625,53290.890625,56008.55078125
2021-03-11,58091.0625,54484.59375,57805.12109375
2021-03-12,57996.62109375,55376.6484375,57332.08984375
2021-03-13,61683.86328125,56217.97265625,61243.0859375
2021-03-14,61597.91796875,59302.31640625,59302.31640625
2021-03-15,60540.9921875,55393.1640625,55907.19921875
2021-03-16,56833.1796875,53555.02734375,56804.90234375
2021-03-17,58969.81640625,54528.62890625,58870.89453125
2021-03-18,60116.25,54253.578125,57858.921875
2021-03-19,59498.375,56643.703125,58346.65234375
2021-03-20,60031.28515625,58213.296875,58313.64453125
2021-03-21,58767.8984375,56005.6171875,57523.421875
2021-03-22,58471.48046875,54288.15625,54529.14453125
2021-03-23,55985.44140625,53470.6953125,54738.9453125
2021-03-24,57262.3828125,52514.33203125,52774.265625
2021-03-25,53392.38671875,50856.5703125,51704.16015625
2021-03-26,55137.3125,51579.85546875,55137.3125
2021-03-27,56568.21484375,54242.91015625,55973.51171875
2021-03-28,56610.3125,55071.11328125,55950.74609375
2021-03-29,58342.09765625,55139.33984375,57750.19921875
2021-03-30,59447.22265625,57251.55078125,58917.69140625
2021-03-31,59930.02734375,57726.41796875,58918.83203125
2021-04-01,59586.0703125,58505.27734375,59095.80859375
2021-04-02,60267.1875,58869.28125,59384.3125
2021-04-03,60110.26953125,57603.890625,57603.890625
2021-04-04,58913.74609375,57168.67578125,58758.5546875
2021-04-05,59891.296875,57694.82421875,59057.87890625
2021-04-06,59479.578125,57646.80859375,58192.359375
2021-04-07,58731.14453125,55604.0234375,56048.9375
2021-04-08,58338.73828125,55879.0859375,58323.953125
2021-04-09,58937.046875,57807.86328125,58245.00390625
2021-04-10,61276.6640625,58038.70703125,59793.234375
2021-04-11,60790.5546875,59289.796875,60204.96484375
2021-04-12,61253.03515625,59589.875,59893.453125
2021-04-13,63742.28515625,59869.95703125,63503.45703125
2021-04-14,64863.09765625,61554.796875,63109.6953125
2021-04-15,63821.671875,62208.96484375,63314.01171875
2021-04-16,63594.72265625,60222.53125,61572.7890625
2021-04-17,62572.17578125,60361.3515625,60683.8203125
2021-04-18,61057.45703125,52829.53515625,56216.18359375
2021-04-19,57520.0546875,54368.59375,55724.265625
2021-04-20,57062.1484375,53448.046875,56473.03125
2021-04-21,56757.97265625,53695.46875,53906.08984375
2021-04-22,55410.23046875,50583.8125,51762.2734375
2021-04-23,52120.79296875,47714.6640625,51093.65234375
2021-04-24,51167.5625,48805.28515625,50050.8671875
2021-04-25,50506.01953125,47159.484375,49004.25390625
2021-04-26,54288.00390625,48852.796875,54021.75390625
2021-04-27,55416.96484375,53319.1875,55033.1171875
2021-04-28,56227.20703125,53887.91796875,54824.703125
2021-04-29,55115.84375,52418.02734375,53555.109375
2021-04-30,57900.71875,53129.6015625,57750.17578125
2021-05-01,58448.33984375,57052.2734375,57828.05078125
2021-05-02,57902.59375,56141.90625,56631.078125
2021-05-03,58973.30859375,56590.87109375,57200.29296875
2021-05-04,57214.1796875,53191.42578125,53333.5390625
2021-05-05,57911.36328125,52969.0546875,57424.0078125
2021-05-06,58363.31640625,55382.5078125,56396.515625
2021-05-07,58606.6328125,55321.84765625,57356.40234375
2021-05-08,59464.61328125,56975.2109375,58803.77734375
2021-05-09,59210.8828125,56482.00390625,58232.31640625
2021-05-10,59519.35546875,54071.45703125,55859.796875
2021-05-11,56872.54296875,54608.65234375,56704.57421875
2021-05-12,57939.36328125,49150.53515625,49150.53515625
2021-05-13,51330.84375,46980.01953125,49716.19140625
2021-05-14,51438.1171875,48868.578125,49880.53515625
2021-05-15,50639.6640625,46664.140625,46760.1875
2021-05-16,49720.04296875,43963.3515625,46456.05859375
2021-05-17,46623.55859375,42207.2890625,43537.51171875
2021-05-18,45812.45703125,42367.83203125,42909.40234375
2021-05-19,43546.1171875,30681.49609375,37002.44140625
2021-05-20,42462.984375,35050.6171875,40782.73828125
2021-05-21,42172.171875,33616.453125,37304.69140625
2021-05-22,38831.0546875,35383.68359375,37536.6328125
2021-05-23,38289.21875,31227.33984375,34770.58203125
2021-05-24,39835.140625,34551.08203125,38705.98046875
2021-05-25,39776.3515625,36581.4296875,38402.22265625
2021-05-26,40782.078125,37905.8359375,39294.19921875
2021-05-27,40379.6171875,37247.90234375,38436.96875
2021-05-28,38856.96875,34779.0390625,35697.60546875
2021-05-29,37234.5,33693.9296875,34616.06640625
2021-05-30,36400.66796875,33520.73828125,35678.12890625
2021-05-31,37468.25,34241.9453125,37332.85546875
2021-06-01,37896.734375,35787.0859375,36684.92578125
2021-06-02,38231.33984375,35966.30859375,37575.1796875
2021-06-03,39478.953125,37243.97265625,39208.765625
2021-06-04,39242.484375,35717.72265625,36894.40625
2021-06-05,37917.71484375,34900.4140625,35551.95703125
2021-06-06,36436.421875,35304.578125,35862.37890625
2021-06-07,36790.5703125,33480.640625,33560.70703125
2021-06-08,34017.38671875,31114.443359375,33472.6328125
2021-06-09,37537.37109375,32475.865234375,37345.12109375
2021-06-10,38334.32421875,35847.59375,36702.59765625
2021-06-11,37608.6953125,36044.44921875,37334.3984375
2021-06-12,37408.92578125,34728.19140625,35552.515625
2021-06-13,39322.78125,34864.109375,39097.859375
2021-06-14,40978.36328125,38757.28515625,40218.4765625
2021-06-15,41295.26953125,39609.46875,40406.26953125
2021-06-16,40516.77734375,38176.03515625,38347.0625
2021-06-17,39513.671875,37439.67578125,38053.50390625
2021-06-18,38187.26171875,35255.85546875,35787.24609375
2021-06-19,36457.796875,34933.0625,35615.87109375
2021-06-20,36059.484375,33432.07421875,35698.296875
2021-06-21,35721.640625,31295.935546875,31676.693359375
2021-06-22,33292.453125,28893.62109375,32505.66015625
2021-06-23,34753.41015625,31772.6328125,33723.02734375
2021-06-24,35228.8515625,32385.21484375,34662.4375
2021-06-25,35487.24609375,31350.884765625,31637.779296875
2021-06-26,32637.587890625,30184.501953125,32186.27734375
2021-06-27,34656.12890625,32071.7578125,34649.64453125
2021-06-28,35219.890625,33902.07421875,34434.3359375
2021-06-29,36542.109375,34252.484375,35867.77734375
2021-06-30,36074.7578125,34086.15234375,35040.8359375
2021-07-01,35035.984375,32883.78125,33572.1171875
2021-07-02,33939.58984375,32770.6796875,33897.046875
2021-07-03,34909.26171875,33402.6953125,34668.546875
2021-07-04,35937.56640625,34396.4765625,35287.78125
2021-07-05,35284.34375,33213.66015625,33746.00390625
2021-07-06,35038.53515625,33599.91796875,34235.1953125
2021-07-07,34997.6640625,33839.2890625,33855.328125
2021-07-08,33907.90625,32133.18359375,32877.37109375
2021-07-09,34042.29296875,32318.880859375,33798.01171875
2021-07-10,34209.0703125,33116.01171875,33520.51953125
2021-07-11,34584.703125,33346.73828125,34240.1875
2021-07-12,34592.15625,32697.30859375,33155.84765625
2021-07-13,33327.1015625,32261.419921875,32702.025390625
2021-07-14,33061.3984375,31639.125,32822.34765625
2021-07-15,33159.640625,31175.708984375,31780.73046875
2021-07-16,32218.40625,31100.673828125,31421.5390625
2021-07-17,31935.9453125,31223.990234375,31533.068359375
2021-07-18,32398.99609375,31215.4921875,31796.810546875
2021-07-19,31885.859375,30563.734375,30817.83203125
2021-07-20,31006.1875,29360.955078125,29807.34765625
2021-07-21,32752.326171875,29526.18359375,32110.693359375
2021-07-22,32576.400390625,31745.298828125,32313.10546875
2021-07-23,33581.55078125,32057.892578125,33581.55078125
2021-07-24,34490.390625,33424.859375,34292.4453125
2021-07-25,35364.92578125,33881.8359375,35350.1875
2021-07-26,40499.67578125,35287.3125,37337.53515625
2021-07-27,39406.94140625,36441.7265625,39406.94140625
2021-07-28,40816.0703125,38862.4375,39995.90625
2021-07-29,40593.0703125,39352.05859375,40008.421875
2021-07-30,42235.546875,38397.35546875,42235.546875
2021-07-31,42231.44921875,41110.83203125,41626.1953125
2021-08-01,42541.6796875,39540.94140625,39974.89453125
2021-08-02,40419.1796875,38746.34765625,39201.9453125
2021-08-03,39750.03125,37782.05078125,38152.98046875
2021-08-04,39952.296875,37589.1640625,39747.50390625
2021-08-05,41341.93359375,37458.00390625,40869.5546875
2021-08-06,43271.66015625,39932.1796875,42816.5
2021-08-07,44689.859375,42618.56640625,44555.80078125
2021-08-08,45282.3515625,43331.91015625,43798.1171875
2021-08-09,46456.83203125,42848.6875,46365.40234375
2021-08-10,46637.98828125,44705.5546875,45585.03125
2021-08-11,46735.6328125,45351.7109375,45593.63671875
2021-08-12,46228.91015625,43861.4453125,44428.2890625
2021-08-13,47831.9765625,44282.41796875,47793.3203125
2021-08-14,48098.68359375,46177.6328125,47096.9453125
2021-08-15,47357.10546875,45579.58984375,47047.00390625
2021-08-16,47998.09765625,45700.3203125,46004.484375
2021-08-17,47139.5703125,44512.41796875,44695.359375
2021-08-18,45952.0625,44364.02734375,44801.1875
2021-08-19,46970.76171875,43998.31640625,46717.578125
2021-08-20,49342.15234375,46650.70703125,49339.17578125
2021-08-21,49717.01953125,48312.19921875,48905.4921875
2021-08-22,49471.609375,48199.94140625,49321.65234375
2021-08-23,50482.078125,49074.60546875,49546.1484375
2021-08-24,49878.76953125,47687.1171875,47706.1171875
2021-08-25,49202.87890625,47163.61328125,48960.7890625
2021-08-26,49347.58203125,46405.78125,46942.21875
2021-08-27,49112.78515625,46394.28125,49058.66796875
2021-08-28,49283.50390625,48499.23828125,48902.40234375
2021-08-29,49644.11328125,47925.85546875,48829.83203125
2021-08-30,48925.60546875,46950.2734375,47054.984375
2021-08-31,48189.55078125,46750.09375,47166.6875
2021-09-01,49111.08984375,46562.4375,48847.02734375
2021-09-02,50343.421875,48652.3203125,49327.72265625
2021-09-03,50982.2734375,48386.0859375,50025.375
2021-09-04,50545.58203125,49548.78125,49944.625
2021-09-05,51868.6796875,49538.59765625,51753.41015625
2021-09-06,52700.94140625,51053.6796875,52633.53515625
2021-09-07,52853.765625,43285.20703125,46811.12890625
2021-09-08,47334.0546875,44561.39453125,46091.390625
2021-09-09,47261.94921875,45669.73828125,46391.421875
2021-09-10,47031.7421875,44344.484375,44883.91015625
2021-09-11,45969.29296875,44818.265625,45201.45703125
2021-09-12,46364.87890625,44790.4609375,46063.26953125
2021-09-13,46598.6796875,43591.3203125,44963.07421875
2021-09-14,47218.125,44752.33203125,47092.4921875
2021-09-15,48450.46875,46773.328125,48176.34765625
2021-09-16,48486.828125,47079.55859375,47783.359375
2021-09-17,48160.921875,46832.5234375,47267.51953125
2021-09-18,48791.78125,47087.28515625,48278.36328125
2021-09-19,48328.3671875,46919.8046875,47260.21875
2021-09-20,47328.19921875,42598.9140625,42843.80078125
2021-09-21,43607.609375,39787.609375,40693.67578125
2021-09-22,43978.62109375,40625.6328125,43574.5078125
2021-09-23,44942.17578125,43109.33984375,44895.09765625
2021-09-24,45080.4921875,40936.55859375,42839.75
2021-09-25,42996.2578125,41759.921875,42716.59375
2021-09-26,43919.30078125,40848.4609375,43208.5390625
2021-09-27,44313.24609375,42190.6328125,42235.73046875
2021-09-28,42775.14453125,40931.6640625,41034.54296875
2021-09-29,42545.2578125,40829.66796875,41564.36328125
2021-09-30,44092.6015625,41444.58203125,43790.89453125
2021-10-01,48436.01171875,43320.0234375,48116.94140625
2021-10-02,48282.0625,47465.49609375,47711.48828125
2021-10-03,49130.69140625,47157.2890625,48199.953125
2021-10-04,49456.77734375,47045.00390625,49112.90234375
2021-10-05,51839.984375,49072.83984375,51514.8125
2021-10-06,55568.46484375,50488.19140625,55361.44921875
2021-10-07,55338.625,53525.46875,53805.984375
2021-10-08,55922.98046875,53688.0546875,53967.84765625
2021-10-09,55397.9453125,53735.14453125,54968.22265625
2021-10-10,56401.3046875,54264.2578125,54771.578125
2021-10-11,57793.0390625,54519.765625,57484.7890625
2021-10-12,57627.87890625,54477.97265625,56041.05859375
2021-10-13,57688.66015625,54370.97265625,57401.09765625
2021-10-14,58478.734375,56957.07421875,57321.5234375
2021-10-15,62757.12890625,56868.14453125,61593.94921875
2021-10-16,62274.4765625,60206.12109375,60892.1796875
2021-10-17,61645.5234375,59164.46875,61553.6171875
2021-10-18,62614.66015625,60012.7578125,62026.078125
2021-10-19,64434.53515625,61622.93359375,64261.9921875
2021-10-20,66930.390625,63610.67578125,65992.8359375
2021-10-21,66600.546875,62117.41015625,62210.171875
2021-10-22,63715.0234375,60122.796875,60692.265625
2021-10-23,61743.87890625,59826.5234375,61393.6171875
2021-10-24,61505.8046875,59643.34375,60930.8359375
2021-10-25,63729.32421875,60691.80078125,63039.82421875
2021-10-26,63229.02734375,59991.16015625,60363.79296875
2021-10-27,61435.18359375,58208.1875,58482.38671875
2021-10-28,62128.6328125,58206.91796875,60622.13671875
2021-10-29,62927.609375,60329.96484375,62227.96484375
2021-10-30,62330.14453125,60918.38671875,61888.83203125
2021-10-31,62406.171875,60074.328125,61318.95703125
2021-11-01,62419.00390625,59695.18359375,61004.40625
2021-11-02,64242.79296875,60673.0546875,63226.40234375
2021-11-03,63516.9375,61184.23828125,62970.046875
2021-11-04,63123.2890625,60799.6640625,61452.23046875
2021-11-05,62541.46875,60844.609375,61125.67578125
2021-11-06,61590.68359375,60163.78125,61527.48046875
2021-11-07,63326.98828125,61432.48828125,63326.98828125
2021-11-08,67673.7421875,63344.06640625,67566.828125
2021-11-09,68530.3359375,66382.0625,66971.828125
2021-11-10,68789.625,63208.11328125,64995.23046875
2021-11-11,65579.015625,64180.48828125,64949.9609375
2021-11-12,65460.81640625,62333.9140625,64155.94140625
2021-11-13,64915.67578125,63303.734375,64469.52734375
2021-11-14,65495.1796875,63647.80859375,65466.83984375
2021-11-15,66281.5703125,63548.14453125,63557.87109375
2021-11-16,63721.1953125,59016.3359375,60161.24609375
2021-11-17,60823.609375,58515.41015625,60368.01171875
2021-11-18,60948.5,56550.79296875,56942.13671875
2021-11-19,58351.11328125,55705.1796875,58119.578125
2021-11-20,59859.87890625,57469.7265625,59697.1953125
2021-11-21,60004.42578125,58618.9296875,58730.4765625
2021-11-22,59266.359375,55679.83984375,56289.2890625
2021-11-23,57875.515625,55632.76171875,57569.07421875
2021-11-24,57803.06640625,55964.22265625,56280.42578125
2021-11-25,59367.96875,57146.68359375,57274.6796875
2021-11-26,59183.48046875,53569.765625,53569.765625
2021-11-27,55329.2578125,53668.35546875,54815.078125
2021-11-28,57393.84375,53576.734375,57248.45703125
2021-11-29,58872.87890625,56792.52734375,57806.56640625
2021-11-30,59113.40234375,56057.28125,57005.42578125
2021-12-01,59041.68359375,56553.08203125,57229.828125
2021-12-02,57349.234375,55895.1328125,56477.81640625
2021-12-03,57482.16796875,52496.5859375,53598.24609375
2021-12-04,53904.6796875,42874.6171875,49200.703125
2021-12-05,49768.1484375,47857.49609375,49368.84765625
2021-12-06,50929.51953125,47281.03515625,50582.625
2021-12-07,51934.78125,50175.80859375,50700.0859375
2021-12-08,51171.375,48765.98828125,50504.796875
2021-12-09,50797.1640625,47358.3515625,47672.12109375
2021-12-10,50015.25390625,47023.69921875,47243.3046875
2021-12-11,49458.2109375,46942.34765625,49362.5078125
2021-12-12,50724.8671875,48725.8515625,50098.3359375
2021-12-13,50205,45894.84765625,46737.48046875
2021-12-14,48431.3984375,46424.49609375,46612.6328125
2021-12-15,49473.95703125,46671.96484375,48896.72265625
2021-12-16,49425.57421875,47529.87890625,47665.42578125
2021-12-17,48004.89453125,45618.21484375,46202.14453125
2021-12-18,47313.828125,45598.44140625,46848.77734375
2021-12-19,48089.6640625,46502.953125,46707.015625
2021-12-20,47401.71875,45579.80859375,46880.27734375
2021-12-21,49300.91796875,46698.7734375,48936.61328125
2021-12-22,49544.796875,48450.94140625,48628.51171875
2021-12-23,51332.33984375,48065.8359375,50784.5390625
2021-12-24,51814.02734375,50514.49609375,50822.1953125
2021-12-25,51176.59765625,50236.70703125,50429.859375
2021-12-26,51196.37890625,49623.10546875,50809.515625
2021-12-27,51956.328125,50499.46875,50640.41796875
2021-12-28,50679.859375,47414.2109375,47588.85546875
2021-12-29,48119.7421875,46201.49609375,46444.7109375
2021-12-30,47879.96484375,46060.3125,47178.125
2021-12-31,48472.52734375,45819.953125,46306.4453125
2022-01-01,47827.3125,46288.484375,47686.8125
2022-01-02,47881.40625,46856.9375,47345.21875
2022-01-03,47510.7265625,45835.96484375,46458.1171875
2022-01-04,47406.546875,45752.46484375,45897.57421875
2022-01-05,46929.046875,42798.22265625,43569.00390625
2022-01-06,43748.71875,42645.5390625,43160.9296875
2022-01-07,43153.5703125,41077.4453125,41557.90234375
2022-01-08,42228.94140625,40672.27734375,41733.94140625
2022-01-09,42663.94921875,41338.16015625,41911.6015625
2022-01-10,42199.484375,39796.5703125,41821.26171875
2022-01-11,43001.15625,41407.75390625,42735.85546875
2022-01-12,44135.3671875,42528.98828125,43949.1015625
2022-01-13,44278.421875,42447.04296875,42591.5703125
2022-01-14,43346.6875,41982.6171875,43099.69921875
2022-01-15,43724.671875,42669.03515625,43177.3984375
2022-01-16,43436.80859375,42691.0234375,43113.87890625
2022-01-17,43179.390625,41680.3203125,42250.55078125
2022-01-18,42534.40234375,41392.21484375,42375.6328125
2022-01-19,42478.3046875,41242.9140625,41744.328125
2022-01-20,43413.0234375,40672.82421875,40680.41796875
2022-01-21,41060.52734375,35791.42578125,36457.31640625
2022-01-22,36688.8125,34349.25,35030.25
2022-01-23,36433.3125,34784.96875,36276.8046875
2022-01-24,37247.51953125,33184.05859375,36654.328125
2022-01-25,37444.5703125,35779.4296875,36954.00390625
2022-01-26,38825.41015625,36374.90625,36852.12109375
2022-01-27,37148.32421875,35629.28125,37138.234375
2022-01-28,37952.87890625,36211.109375,37784.33203125
2022-01-29,38576.26171875,37406.47265625,38138.1796875
2022-01-30,38266.33984375,37437.7109375,37917.6015625
2022-01-31,38647.26171875,36733.57421875,38483.125
2022-02-01,39115.1328125,38113.6640625,38743.2734375
2022-02-02,38834.6171875,36832.73046875,36952.984375
2022-02-03,37154.6015625,36375.5390625,37154.6015625
2022-02-04,41527.78515625,37093.62890625,41500.875
2022-02-05,41847.1640625,41038.09765625,41441.1640625
2022-02-06,42500.78515625,41244.90625,42412.43359375
2022-02-07,44401.86328125,41748.15625,43840.28515625
2022-02-08,45293.8671875,42807.8359375,44118.4453125
2022-02-09,44727.80078125,43232.96875,44338.796875
2022-02-10,45661.171875,43402.80859375,43565.11328125
2022-02-11,43810.83203125,42114.5390625,42407.9375
2022-02-12,42992.55078125,41852.57421875,42244.46875
2022-02-13,42693.0546875,41950.94140625,42197.515625
2022-02-14,42775.77734375,41681.95703125,42586.91796875
2022-02-15,44667.21875,42491.03515625,44575.203125
2022-02-16,44578.27734375,43456.69140625,43961.859375
2022-02-17,44132.97265625,40249.37109375,40538.01171875
2022-02-18,40929.15234375,39637.6171875,40030.9765625
2022-02-19,40418.87890625,39713.05859375,40122.15625
2022-02-20,40119.890625,38112.8125,38431.37890625
2022-02-21,39394.4375,36950.4765625,37075.28125
2022-02-22,38359.85546875,36488.93359375,38286.02734375
2022-02-23,39122.39453125,37201.81640625,37296.5703125
2022-02-24,38968.83984375,34459.21875,38332.609375
2022-02-25,39630.32421875,38111.34375,39214.21875
2022-02-26,40005.34765625,38702.53515625,39105.1484375
2022-02-27,39778.94140625,37268.9765625,37709.78515625
2022-02-28,43760.45703125,37518.21484375,43193.234375
2022-03-01,44793.6015625,42952.5859375,44354.63671875
2022-03-02,45077.578125,43432.8515625,43924.1171875
2022-03-03,44021.578125,41914.75,42451.7890625
2022-03-04,42479.61328125,38805.84765625,39137.60546875
2022-03-05,39566.3359375,38777.03515625,39400.5859375
2022-03-06,39640.17578125,38211.6484375,38419.984375
2022-03-07,39430.2265625,37260.203125,38062.0390625
2022-03-08,39304.44140625,37957.38671875,38737.26953125
2022-03-09,42465.671875,38706.09375,41982.92578125
2022-03-10,42004.7265625,38832.94140625,39437.4609375
2022-03-11,40081.6796875,38347.43359375,38794.97265625
2022-03-12,39308.59765625,38772.53515625,38904.01171875
2022-03-13,39209.3515625,37728.14453125,37849.6640625
2022-03-14,39742.5,37680.734375,39666.75390625
2022-03-15,39794.62890625,38310.2109375,39338.78515625
2022-03-16,41465.453125,39022.34765625,41143.9296875
2022-03-17,41287.53515625,40662.87109375,40951.37890625
2022-03-18,42195.74609375,40302.3984375,41801.15625
2022-03-19,42316.5546875,41602.66796875,42190.65234375
2022-03-20,42241.1640625,41004.7578125,41247.82421875
2022-03-21,41454.41015625,40668.04296875,41077.99609375
2022-03-22,43124.70703125,40948.28125,42358.80859375
2022-03-23,42893.5078125,41877.5078125,42892.95703125
2022-03-24,44131.85546875,42726.1640625,43960.93359375
2022-03-25,44999.4921875,43706.28515625,44348.73046875
2022-03-26,44735.99609375,44166.2734375,44500.828125
2022-03-27,46827.546875,44437.29296875,46820.4921875
2022-03-28,48086.8359375,46690.203125,47128.00390625
2022-03-29,48022.2890625,47100.4375,47465.73046875
2022-03-30,47655.1484375,46746.2109375,47062.6640625
2022-03-31,47512.02734375,45390.5390625,45538.67578125
2022-04-01,46616.2421875,44403.140625,46281.64453125
2022-04-02,47028.28125,45782.51171875,45868.94921875
2022-04-03,47313.4765625,45634.10546875,46453.56640625
2022-04-04,46791.08984375,45235.81640625,46622.67578125
2022-04-05,47106.140625,45544.80859375,45555.9921875
2022-04-06,45544.35546875,43193.953125,43206.73828125
2022-04-07,43860.69921875,42899.90625,43503.84765625
2022-04-08,43903.01953125,42183.2890625,42287.6640625
2022-04-09,42786.81640625,42183.25390625,42782.13671875
2022-04-10,43376.37890625,42021.20703125,42207.671875
2022-04-11,42424.58984375,39373.05859375,39521.90234375
2022-04-12,40617.5859375,39388.328125,40127.18359375
2022-04-13,41430.0546875,39712.74609375,41166.73046875
2022-04-14,41451.48046875,39695.74609375,39935.515625
2022-04-15,40617.72265625,39866.83203125,40553.46484375
2022-04-16,40633.6796875,40078.42578125,40424.484375
2022-04-17,40570.7265625,39620.89453125,39716.953125
2022-04-18,40986.3203125,38696.19140625,40826.21484375
2022-04-19,41672.9609375,40618.6328125,41502.75
2022-04-20,42126.30078125,40961.09765625,41374.37890625
2022-04-21,42893.58203125,40063.828125,40527.36328125
2022-04-22,40777.7578125,39315.41796875,39740.3203125
2022-04-23,39935.859375,39352.203125,39486.73046875
2022-04-24,39845.92578125,39233.5390625,39469.29296875
2022-04-25,40491.75390625,38338.37890625,40458.30859375
2022-04-26,40713.890625,37884.984375,38117.4609375
2022-04-27,39397.91796875,37997.3125,39241.12109375
2022-04-28,40269.46484375,38941.421875,39773.828125
2022-04-29,39887.26953125,38235.53515625,38609.82421875
2022-04-30,38771.2109375,37697.94140625,37714.875
2022-05-01,38627.859375,37585.7890625,38469.09375
2022-05-02,39074.97265625,38156.5625,38529.328125
2022-05-03,38629.99609375,37585.62109375,37750.453125
2022-05-04,39902.94921875,37732.05859375,39698.37109375
2022-05-05,39789.28125,35856.515625,36575.140625
2022-05-06,36624.359375,35482.1328125,36040.921875
2022-05-07,36129.92578125,34940.82421875,35501.953125
2022-05-08,35502.94140625,33878.96484375,34059.265625
2022-05-09,34222.07421875,30296.953125,30296.953125
2022-05-10,32596.30859375,29944.802734375,31022.90625
2022-05-11,32013.40234375,28170.4140625,28936.35546875
2022-05-12,30032.439453125,26350.490234375,29047.751953125
2022-05-13,30924.802734375,28782.330078125,29283.103515625
2022-05-14,30192.802734375,28702.91015625,30101.265625
2022-05-15,31308.19140625,29527.740234375,31305.11328125
2022-05-16,31305.341796875,29251.884765625,29862.91796875
2022-05-17,30694.490234375,29570.302734375,30425.857421875
2022-05-18,30618.716796875,28720.271484375,28720.271484375
2022-05-19,30430.751953125,28708.955078125,30314.333984375
2022-05-20,30664.9765625,28793.60546875,29200.740234375
2022-05-21,29588.869140625,29027.39453125,29432.2265625
2022-05-22,30425.861328125,29275.18359375,30323.72265625
2022-05-23,30590.5859375,28975.560546875,29098.91015625
2022-05-24,29774.35546875,28786.58984375,29655.5859375
2022-05-25,30157.78515625,29384.94921875,29562.361328125
2022-05-26,29834.16015625,28261.90625,29267.224609375
2022-05-27,29346.943359375,28326.61328125,28627.57421875
2022-05-28,28814.900390625,28554.56640625,28814.900390625
2022-05-29,29498.009765625,28841.107421875,29445.95703125
2022-05-30,31949.630859375,29303.572265625,31726.390625
2022-05-31,32249.86328125,31286.154296875,31792.310546875
2022-06-01,31957.28515625,29501.587890625,29799.080078125
2022-06-02,30604.734375,29652.705078125,30467.48828125
2022-06-03,30633.03515625,29375.689453125,29704.390625
2022-06-04,29930.564453125,29500.005859375,29832.9140625
2022-06-05,30117.744140625,29574.44921875,29906.662109375
2022-06-06,31693.291015625,29894.1875,31370.671875
2022-06-07,31489.68359375,29311.68359375,31155.478515625
2022-06-08,31253.69140625,29944.404296875,30214.35546875
2022-06-09,30609.310546875,30020.265625,30111.998046875
2022-06-10,30245.80859375,28978.146484375,29083.8046875
2022-06-11,29401.916015625,28236.212890625,28360.810546875
2022-06-12,28502.685546875,26762.6484375,26762.6484375
2022-06-13,26795.58984375,22141.2578125,22487.388671875
2022-06-14,23018.951171875,20950.818359375,22206.79296875
2022-06-15,22642.671875,20178.376953125,22572.83984375
2022-06-16,22868.921875,20265.2265625,20381.650390625
2022-06-17,21243.3125,20326.51953125,20471.482421875
2022-06-18,20736.041015625,17708.623046875,19017.642578125
2022-06-19,20683.822265625,18067.15234375,20553.271484375
2022-06-20,20913.322265625,19689.169921875,20599.537109375
2022-06-21,21620.62890625,20415.0625,20710.59765625
2022-06-22,20835.75,19848.078125,19987.029296875
2022-06-23,21135.76171875,19950.1171875,21085.876953125
2022-06-24,21472.91796875,20777.51171875,21231.65625
2022-06-25,21520.9140625,20964.5859375,21502.337890625
2022-06-26,21783.724609375,21016.26953125,21027.294921875
2022-06-27,21478.08984375,20620.19921875,20735.478515625
2022-06-28,21164.423828125,20228.8125,20280.634765625
2022-06-29,20364.15625,19937.791015625,20104.0234375
2022-06-30,20141.16015625,18729.65625,19784.7265625
2022-07-01,20632.671875,19073.708984375,19269.3671875
2022-07-02,19371.748046875,19027.08203125,19242.255859375
2022-07-03,19558.26953125,18966.951171875,19297.076171875
2022-07-04,20258.748046875,19063.06640625,20231.26171875
2022-07-05,20635.466796875,19341.232421875,20190.115234375
2022-07-06,20595.529296875,19823.51171875,20548.24609375
2022-07-07,21771.81640625,20296.103515625,21637.587890625
2022-07-08,22314.94140625,21257.453125,21731.1171875
2022-07-09,21877.138671875,21445.95703125,21592.20703125
2022-07-10,21591.080078125,20727.123046875,20860.44921875
2022-07-11,20856.353515625,19924.5390625,19970.556640625
2022-07-12,20043.4453125,19308.53125,19323.9140625
2022-07-13,20223.052734375,18999.953125,20212.07421875
2022-07-14,20789.89453125,19689.2578125,20569.919921875
2022-07-15,21138.244140625,20397,20836.328125
2022-07-16,21514.404296875,20518.8984375,21190.31640625
2022-07-17,21600.640625,20778.1796875,20779.34375
2022-07-18,22633.033203125,20781.912109375,22485.689453125
2022-07-19,23666.962890625,21683.40625,23389.43359375
2022-07-20,24196.818359375,23009.94921875,23231.732421875
2022-07-21,23388.322265625,22431.1484375,23164.62890625
2022-07-22,23671.927734375,22603.416015625,22714.978515625
2022-07-23,22977.2109375,22002.91015625,22465.478515625
2022-07-24,22974.001953125,22306.83984375,22609.1640625
2022-07-25,22649.12109375,21361.642578125,21361.701171875
2022-07-26,21361.12109375,20776.81640625,21239.75390625
2022-07-27,22986.529296875,21070.806640625,22930.548828125
2022-07-28,24110.470703125,22722.265625,23843.88671875
2022-07-29,24294.787109375,23481.173828125,23804.6328125
2022-07-30,24572.580078125,23580.5078125,23656.20703125
2022-07-31,24121.642578125,23275.703125,23336.896484375
2022-08-01,23464.787109375,22890.796875,23314.19921875
2022-08-02,23415.041015625,22710.083984375,22978.1171875
2022-08-03,23578.650390625,22747.8359375,22846.5078125
2022-08-04,23198.009765625,22485.701171875,22630.95703125
2022-08-05,23422.828125,22612.177734375,23289.314453125
2022-08-06,23326.5625,22961.279296875,22961.279296875
2022-08-07,23359.009765625,22894.556640625,23175.890625
2022-08-08,24203.689453125,23176.546875,23809.486328125
2022-08-09,23898.615234375,22982,23164.318359375
2022-08-10,24127.4140625,22771.51953125,23947.642578125
2022-08-11,24822.62890625,23900.99609375,23957.529296875
2022-08-12,24412.56640625,23657.265625,24402.818359375
2022-08-13,24860.05078125,24346.115234375,24424.068359375
2022-08-14,24974.9140625,24206.259765625,24319.333984375
2022-08-15,25135.58984375,23839.775390625,24136.97265625
2022-08-16,24228.416015625,23733.5,23883.291015625
2022-08-17,24407.05859375,23243.353515625,23335.998046875
2022-08-18,23563.83203125,23177.6015625,23212.73828125
2022-08-19,23213.3125,20868.84765625,20877.552734375
2022-08-20,21350.806640625,20856.73046875,21166.060546875
2022-08-21,21668.845703125,21103.197265625,21534.12109375
2022-08-22,21531.462890625,20939.18359375,21398.908203125
2022-08-23,21646.203125,20955.138671875,21528.087890625
2022-08-24,21783.076171875,21195.005859375,21395.01953125
2022-08-25,21789.63671875,21362.44140625,21600.904296875
2022-08-26,21804.908203125,20199.482421875,20260.01953125
2022-08-27,20340.775390625,19890.5234375,20041.73828125
2022-08-28,20139.0546875,19616.814453125,19616.814453125
2022-08-29,20357.462890625,19600.78515625,20297.994140625
2022-08-30,20542.64453125,19617.640625,19796.80859375
2022-08-31,20420.990234375,19799.58203125,20049.763671875
2022-09-01,20198.390625,19653.96875,20127.140625
2022-09-02,20401.568359375,19814.765625,19969.771484375
2022-09-03,20037.009765625,19698.35546875,19832.087890625
2022-09-04,19999.689453125,19636.81640625,19986.712890625
2022-09-05,20031.16015625,19673.046875,19812.37109375
2022-09-06,20155.26953125,18800.171875,18837.66796875
2022-09-07,19427.171875,18644.466796875,19290.32421875
2022-09-08,19417.3515625,19076.71484375,19329.833984375
2022-09-09,21439.41015625,19310.962890625,21381.15234375
2022-09-10,21760.275390625,21168.72265625,21680.5390625
2022-09-11,21770.552734375,21406.9453125,21769.255859375
2022-09-12,22439.181640625,21603.896484375,22370.44921875
2022-09-13,22673.8203125,20062.669921875,20296.70703125
2022-09-14,20467.201171875,19793.396484375,20241.08984375
2022-09-15,20318.166015625,19636.734375,19701.2109375
2022-09-16,19870.62890625,19400.076171875,19772.583984375
2022-09-17,20162.53125,19777.033203125,20127.576171875
2022-09-18,20127.234375,19387.4921875,19419.505859375
2022-09-19,19639.48046875,18390.318359375,19544.12890625
2022-09-20,19602.45703125,18813.455078125,18890.7890625
2022-09-21,19674.630859375,18290.314453125,18547.400390625
2022-09-22,19456.91015625,18415.591796875,19413.55078125
2022-09-23,19464.671875,18617.552734375,19297.638671875
2022-09-24,19310.197265625,18861.974609375,18937.01171875
2022-09-25,19134.732421875,18696.46875,18802.09765625
2022-09-26,19274.873046875,18721.28515625,19222.671875
2022-09-27,20338.455078125,18915.66796875,19110.546875
2022-09-28,19688.34375,18553.296875,19426.720703125
2022-09-29,19589.265625,18924.353515625,19573.05078125
2022-09-30,20109.849609375,19265.662109375,19431.7890625
2022-10-01,19471.154296875,19231.08203125,19312.095703125
2022-10-02,19370.30859375,18970.62109375,19044.107421875
2022-10-03,19653.54296875,19025.2265625,19623.580078125
2022-10-04,20380.34375,19523.83984375,20336.84375
2022-10-05,20343.748046875,19801.80078125,20160.716796875
2022-10-06,20408.392578125,19900.087890625,19955.443359375
2022-10-07,20041.0859375,19395.79296875,19546.849609375
2022-10-08,19601.6953125,19299.4140625,19416.568359375
2022-10-09,19542.5390625,19349.259765625,19446.42578125
2022-10-10,19515.466796875,19102.978515625,19141.484375
2022-10-11,19241.9609375,18925.603515625,19051.41796875
2022-10-12,19203.19921875,19029.7578125,19157.4453125
2022-10-13,19453.328125,18319.822265625,19382.904296875
2022-10-14,19889.146484375,19115.408203125,19185.65625
2022-10-15,19212.541015625,19019.25,19067.634765625
2022-10-16,19389.603515625,19068.9140625,19268.09375
2022-10-17,19635.802734375,19173.333984375,19550.7578125
2022-10-18,19666.994140625,19144.76953125,19334.416015625
2022-10-19,19348.416015625,19127.6875,19139.53515625
2022-10-20,19315.19921875,18971.458984375,19053.740234375
2022-10-21,19237.384765625,18770.970703125,19172.46875
2022-10-22,19248.068359375,19132.244140625,19208.189453125
2022-10-23,19646.65234375,19124.197265625,19567.0078125
2022-10-24,19589.125,19206.32421875,19345.572265625
2022-10-25,20348.412109375,19261.447265625,20095.857421875
2022-10-26,20938.134765625,20076.1171875,20770.44140625
2022-10-27,20854.044921875,20255.373046875,20285.8359375
2022-10-28,20724.98046875,20086.068359375,20595.3515625
2022-10-29,20988.39453125,20566.484375,20818.4765625
2022-10-30,20917.005859375,20547.462890625,20635.603515625
2022-10-31,20795.3203125,20287.458984375,20495.7734375
2022-11-01,20647.2890625,20359.845703125,20485.2734375
2022-11-02,20742.810546875,20087.134765625,20159.50390625
2022-11-03,20382.095703125,20086.240234375,20209.98828125
2022-11-04,21209.560546875,20188.01953125,21147.23046875
2022-11-05,21446.88671875,21097.634765625,21282.69140625
2022-11-06,21345.376953125,20920.19140625,20926.486328125
2022-11-07,21053.24609375,20489.97265625,20602.81640625
2022-11-08,20664.607421875,17603.544921875,18541.271484375
2022-11-09,18590.458984375,15682.6923828125,15880.7802734375
2022-11-10,18054.3125,15834.0185546875,17586.771484375
2022-11-11,17650.943359375,16543.482421875,17034.29296875
2022-11-12,17066.67578125,16651.775390625,16799.185546875
2022-11-13,16920.765625,16320.634765625,16353.365234375
2022-11-14,17109.32421875,15872.94140625,16618.19921875
2022-11-15,17051.962890625,16542.55078125,16884.61328125
2022-11-16,16960.294921875,16430.111328125,16669.439453125
2022-11-17,16726.439453125,16460.68359375,16687.517578125
2022-11-18,16947.05859375,16564.611328125,16697.77734375
2022-11-19,16797.876953125,16570.41015625,16711.546875
2022-11-20,16746.779296875,16248.6923828125,16291.83203125
2022-11-21,16291.2236328125,15599.046875,15787.2841796875
2022-11-22,16253.0478515625,15656.6064453125,16189.76953125
2022-11-23,16638.193359375,16170.5029296875,16610.70703125
2022-11-24,16771.474609375,16501.767578125,16604.46484375
2022-11-25,16603.31640625,16388.404296875,16521.841796875
2022-11-26,16666.86328125,16416.228515625,16464.28125
2022-11-27,16594.40625,16437.025390625,16444.626953125
2022-11-28,16482.93359375,16054.5302734375,16217.322265625
2022-11-29,16522.2578125,16139.396484375,16444.982421875
2022-11-30,17190.9375,16445.4765625,17168.56640625
2022-12-01,17197.498046875,16888.388671875,16967.1328125
2022-12-02,17088.66015625,16877.880859375,17088.66015625
2022-12-03,17116.041015625,16888.140625,16908.236328125
2022-12-04,17157.767578125,16903.439453125,17130.486328125
2022-12-05,17378.15234375,16922.431640625,16974.826171875
2022-12-06,17091.86328125,16939.921875,17089.50390625
2022-12-07,17109.376953125,16750.55859375,16848.126953125
2022-12-08,17267.916015625,16788.783203125,17233.474609375
2022-12-09,17280.546875,17100.8359375,17133.15234375
2022-12-10,17216.826171875,17120.68359375,17128.724609375
2022-12-11,17245.634765625,17091.8203125,17104.193359375
2022-12-12,17212.564453125,16899.39453125,17206.4375
2022-12-13,17930.0859375,17111.763671875,17781.318359375
2022-12-14,18318.53125,17739.513671875,17815.650390625
2022-12-15,17846.744140625,17322.58984375,17364.865234375
2022-12-16,17505.525390625,16584.701171875,16647.484375
2022-12-17,16800.58984375,16614.029296875,16795.091796875
2022-12-18,16815.38671875,16697.8203125,16757.9765625
2022-12-19,16807.52734375,16398.13671875,16439.6796875
2022-12-20,17012.984375,16427.8671875,16906.3046875
2022-12-21,16916.80078125,16755.912109375,16817.53515625
2022-12-22,16866.673828125,16592.408203125,16830.341796875
2022-12-23,16905.21875,16794.458984375,16796.953125
2022-12-24,16864.703125,16793.52734375,16847.755859375
2022-12-25,16860.5546875,16755.25390625,16841.986328125
2022-12-26,16920.123046875,16812.369140625,16919.8046875
2022-12-27,16959.845703125,16642.072265625,16717.173828125
2022-12-28,16768.169921875,16497.556640625,16552.572265625
2022-12-29,16651.755859375,16508.68359375,16642.341796875
2022-12-30,16643.427734375,16408.474609375,16602.5859375
2022-12-31,16628.986328125,16517.51953125,16547.49609375
2023-01-01,16630.439453125,16521.234375,16625.080078125
2023-01-02,16759.34375,16572.228515625,16688.470703125
2023-01-03,16760.447265625,16622.37109375,16679.857421875
2023-01-04,16964.5859375,16667.763671875,16863.23828125
2023-01-05,16884.021484375,16790.283203125,16836.736328125
2023-01-06,16991.994140625,16716.421875,16951.96875
2023-01-07,16975.017578125,16914.19140625,16955.078125
2023-01-08,17091.14453125,16924.05078125,17091.14453125
2023-01-09,17389.95703125,17093.9921875,17196.5546875
2023-01-10,17484.720703125,17162.990234375,17446.29296875
2023-01-11,17934.896484375,17337.994140625,17934.896484375
2023-01-12,19030.087890625,17995.203125,18869.587890625
2023-01-13,19964.322265625,18753.1640625,19909.57421875
2023-01-14,21075.142578125,19907.828125,20976.298828125
2023-01-15,20993.748046875,20606.986328125,20880.798828125
2023-01-16,21360.875,20715.74609375,21169.6328125
2023-01-17,21438.66015625,20978.533203125,21161.51953125
2023-01-18,21564.501953125,20541.544921875,20688.78125
2023-01-19,21163.01171875,20685.380859375,21086.79296875
2023-01-20,22692.357421875,20919.126953125,22676.552734375
2023-01-21,23282.34765625,22511.833984375,22777.625
2023-01-22,23056.73046875,22387.900390625,22720.416015625
2023-01-23,23126.486328125,22654.3046875,22934.431640625
2023-01-24,23134.01171875,22549.744140625,22636.46875
2023-01-25,23722.099609375,22406.076171875,23117.859375
2023-01-26,23237.078125,22911.373046875,23032.77734375
2023-01-27,23417.720703125,22654.59375,23078.728515625
2023-01-28,23165.896484375,22908.845703125,23031.08984375
2023-01-29,23919.890625,22985.0703125,23774.56640625
2023-01-30,23789.34765625,22657.58203125,22840.138671875
2023-01-31,23225.021484375,22765.568359375,23139.283203125
2023-02-01,23764.5390625,22877.75,23723.76953125
2023-02-02,24167.2109375,23468.595703125,23471.87109375
2023-02-03,23678.103515625,23279.955078125,23449.322265625
2023-02-04,23556.94921875,23291.794921875,23331.84765625
2023-02-05,23423.435546875,22841.759765625,22955.666015625
2023-02-06,23119.279296875,22692.025390625,22760.109375
2023-02-07,23310.974609375,22756.2578125,23264.291015625
2023-02-08,23367.958984375,22731.09765625,22939.3984375
2023-02-09,22996.4375,21773.974609375,21819.0390625
2023-02-10,21941.185546875,21539.392578125,21651.18359375
2023-02-11,21891.41015625,21618.44921875,21870.875
2023-02-12,22060.994140625,21682.828125,21788.203125
2023-02-13,21898.4140625,21460.087890625,21808.1015625
2023-02-14,22293.140625,21632.39453125,22220.8046875
2023-02-15,24307.841796875,22082.76953125,24307.841796875
2023-02-16,25134.1171875,23602.5234375,23623.474609375
2023-02-17,24924.041015625,23460.755859375,24565.6015625
2023-02-18,24798.8359375,24468.373046875,24641.27734375
2023-02-19,25093.0546875,24327.642578125,24327.642578125
2023-02-20,25020.458984375,23927.91015625,24829.1484375
2023-02-21,25126.8515625,24200.36328125,24436.353515625
2023-02-22,24472.33984375,23644.318359375,24188.84375
2023-02-23,24572.08984375,23693.919921875,23947.4921875
2023-02-24,24103.705078125,23007.072265625,23198.126953125
2023-02-25,23210.2109375,22861.55859375,23175.375
2023-02-26,23654.3671875,23084.220703125,23561.212890625
2023-02-27,23857.890625,23205.87890625,23522.87109375
2023-02-28,23585.384765625,23077.650390625,23147.353515625
2023-03-01,23880.6328125,23088.626953125,23646.55078125
2023-03-02,23739.138671875,23245.021484375,23475.466796875
2023-03-03,23479.34765625,22213.23828125,22362.6796875
2023-03-04,22405.177734375,22198.98046875,22353.349609375
2023-03-05,22613.685546875,22307.142578125,22435.513671875
2023-03-06,22584.29296875,22331.314453125,22429.7578125
2023-03-07,22527.41796875,22011.26171875,22219.76953125
2023-03-08,22268.896484375,21708.05078125,21718.080078125
2023-03-09,21802.716796875,20210.306640625,20363.021484375
2023-03-10,20370.595703125,19628.25390625,20187.244140625
2023-03-11,20792.525390625,20068.66015625,20632.41015625
2023-03-12,22185.03125,20448.806640625,22163.94921875
2023-03-13,24550.837890625,21918.19921875,24197.533203125
2023-03-14,26514.716796875,24081.18359375,24746.07421875
2023-03-15,25240.615234375,23964.91015625,24375.9609375
2023-03-16,25190.326171875,24225.111328125,25052.7890625
2023-03-17,27787.8125,24955.169921875,27423.9296875
2023-03-18,27725.953125,26636.26171875,26965.87890625
2023-03-19,28440.560546875,26907.716796875,28038.67578125
2023-03-20,28527.724609375,27242.880859375,27767.236328125
2023-03-21,28439.5625,27439.646484375,28175.81640625
2023-03-22,28803.3359375,26759.99609375,27307.4375
2023-03-23,28729.84375,27183.36328125,28333.97265625
2023-03-24,28388.4375,27039.265625,27493.28515625
2023-03-25,27791.826171875,27196.234375,27494.70703125
2023-03-26,28178.14453125,27445.046875,27994.330078125
2023-03-27,28037.92578125,26606.689453125,27139.888671875
2023-03-28,27460.71875,26677.818359375,27268.130859375
2023-03-29,28619.54296875,27259.662109375,28348.44140625
2023-03-30,29159.90234375,27720.16015625,28033.5625
2023-03-31,28639.896484375,27583.71484375,28478.484375
2023-04-01,28802.45703125,28297.171875,28411.03515625
2023-04-02,28518.958984375,27884.087890625,28199.30859375
2023-04-03,28475.623046875,27276.720703125,27790.220703125
2023-04-04,28433.7421875,27681.3046875,28168.08984375
2023-04-05,28739.23828125,27843.763671875,28177.984375
2023-04-06,28178.384765625,27738.759765625,28044.140625
2023-04-07,28111.59375,27794.03125,27925.859375
2023-04-08,28159.86328125,27883.38671875,27947.794921875
2023-04-09,28532.830078125,27828.48046875,28333.05078125
2023-04-10,29771.46484375,28189.271484375,29652.98046875
2023-04-11,30509.083984375,29609.30078125,30235.05859375
2023-04-12,30462.48046875,29725.57421875,30139.052734375
2023-04-13,30539.845703125,29878.623046875,30399.06640625
2023-04-14,31005.607421875,30044.498046875,30485.69921875
2023-04-15,30601.740234375,30245.8828125,30318.49609375
2023-04-16,30555.537109375,30157.83203125,30315.35546875
2023-04-17,30319.197265625,29275.37109375,29445.044921875
2023-04-18,30470.302734375,29154.849609375,30397.552734375
2023-04-19,30411.0546875,28669.8984375,28822.6796875
2023-04-20,29076.400390625,28037.2578125,28245.98828125
2023-04-21,28349.96875,27177.365234375,27276.91015625
2023-04-22,27872.142578125,27169.5703125,27817.5
2023-04-23,27820.244140625,27400.314453125,27591.384765625
2023-04-24,27979.982421875,27070.849609375,27525.33984375
2023-04-25,28371.078125,27207.931640625,28307.59765625
2023-04-26,29995.837890625,27324.548828125,28422.701171875
2023-04-27,29871.546875,28402.88671875,29473.787109375
2023-04-28,29572.791015625,28929.609375,29340.26171875
2023-04-29,29452.455078125,29088.04296875,29248.48828125
2023-04-30,29952.029296875,29114.021484375,29268.806640625
2023-05-01,29329.935546875,27680.79296875,28091.568359375
2023-05-02,28881.298828125,27924.123046875,28680.537109375
2023-05-03,29259.533203125,28178.388671875,29006.30859375
2023-05-04,29353.185546875,28694.0390625,28847.7109375
2023-05-05,29668.908203125,28845.509765625,29534.384765625
2023-05-06,29820.126953125,28468.966796875,28904.623046875
2023-05-07,29157.517578125,28441.3671875,28454.978515625
2023-05-08,28663.271484375,27310.134765625,27694.2734375
2023-05-09,27821.400390625,27375.6015625,27658.775390625
2023-05-10,28322.6875,26883.669921875,27621.755859375
2023-05-11,27621.94140625,26781.826171875,27000.7890625
2023-05-12,27055.646484375,25878.4296875,26804.990234375
2023-05-13,27030.482421875,26710.873046875,26784.078125
2023-05-14,27150.9765625,26661.35546875,26930.638671875
2023-05-15,27646.34765625,26766.09765625,27192.693359375
2023-05-16,27299.3046875,26878.947265625,27036.650390625
2023-05-17,27465.927734375,26600.14453125,27398.802734375
2023-05-18,27466.52734375,26415.1015625,26832.208984375
2023-05-19,27128.619140625,26700.2109375,26890.12890625
2023-05-20,27155.158203125,26843.27734375,27129.5859375
2023-05-21,27265.91796875,26706.921875,26753.826171875
2023-05-22,27045.734375,26549.734375,26851.27734375
2023-05-23,27434.68359375,26816.1796875,27225.7265625
2023-05-24,27224.603515625,26106.576171875,26334.818359375
2023-05-25,26591.51953125,25890.59375,26476.20703125
2023-05-26,26916.669921875,26343.94921875,26719.291015625
2023-05-27,26888.8828125,26621.140625,26868.353515625
2023-05-28,28193.44921875,26802.751953125,28085.646484375
2023-05-29,28432.0390625,27563.876953125,27745.884765625
2023-05-30,28044.759765625,27588.501953125,27702.349609375
2023-05-31,27831.677734375,26866.453125,27219.658203125
2023-06-01,27346.10546875,26671.720703125,26819.97265625
2023-06-02,27303.861328125,26574.64453125,27249.58984375
2023-06-03,27317.052734375,26958.00390625,27075.12890625
2023-06-04,27407.01953125,26968.224609375,27119.06640625
2023-06-05,27129.982421875,25445.16796875,25760.09765625
2023-06-06,27313.8203125,25434.8671875,27238.783203125
2023-06-07,27332.181640625,26146.98828125,26345.998046875
2023-06-08,26797.513671875,26246.6640625,26508.216796875
2023-06-09,26770.2890625,26339.314453125,26480.375
2023-06-10,26531.044921875,25501.8359375,25851.240234375
2023-06-11,26203.439453125,25668.986328125,25940.16796875
2023-06-12,26087.919921875,25675.197265625,25902.5
2023-06-13,26376.3515625,25728.365234375,25918.728515625
2023-06-14,26041.80078125,24902.15234375,25124.67578125
2023-06-15,25735.30859375,24797.16796875,25576.39453125
2023-06-16,26463.173828125,25245.357421875,26327.462890625
2023-06-17,26769.39453125,26174.4921875,26510.67578125
2023-06-18,26675.92578125,26325.890625,26336.212890625
2023-06-19,26984.611328125,26312.83203125,26851.029296875
2023-06-20,28388.96875,26668.791015625,28327.48828125
2023-06-21,30737.330078125,28283.41015625,30027.296875
2023-06-22,30495.998046875,29679.158203125,29912.28125
2023-06-23,31389.5390625,29845.21484375,30695.46875
2023-06-24,30804.1484375,30290.146484375,30548.6953125
2023-06-25,31041.271484375,30327.943359375,30480.26171875
2023-06-26,30636.029296875,29955.744140625,30271.130859375
2023-06-27,31006.787109375,30236.650390625,30688.1640625
2023-06-28,30703.279296875,29921.822265625,30086.24609375
2023-06-29,30796.25,30057.203125,30445.3515625
2023-06-30,31256.86328125,29600.275390625,30477.251953125
2023-07-01,30641.2890625,30328.865234375,30590.078125
2023-07-02,30766.140625,30264.01953125,30620.76953125
2023-07-03,31375.61328125,30586.513671875,31156.439453125
2023-07-04,31325.197265625,30659.35546875,30777.58203125
2023-07-05,30877.330078125,30225.61328125,30514.166015625
2023-07-06,31460.052734375,29892.2265625,29909.337890625
2023-07-07,30434.64453125,29777.28515625,30342.265625
2023-07-08,30374.4375,30080.16015625,30292.541015625
2023-07-09,30427.58984375,30085.591796875,30171.234375
2023-07-10,31026.083984375,29985.39453125,30414.470703125
2023-07-11,30788.314453125,30358.09765625,30620.951171875
2023-07-12,30959.96484375,30228.8359375,30391.646484375
2023-07-13,31814.515625,30268.3515625,31476.048828125
2023-07-14,31582.25390625,29966.38671875,30334.068359375
2023-07-15,30407.78125,30263.462890625,30295.806640625
2023-07-16,30437.560546875,30089.669921875,30249.1328125
2023-07-17,30336.400390625,29685.783203125,30145.888671875
2023-07-18,30233.65625,29556.427734375,29856.5625
2023-07-19,30184.181640625,29794.26953125,29913.923828125
2023-07-20,30195.53125,29638.095703125,29792.015625
2023-07-21,30045.998046875,29733.8515625,29908.744140625
2023-07-22,29991.615234375,29664.12109375,29771.802734375
2023-07-23,30330.640625,29741.52734375,30084.5390625
2023-07-24,30093.39453125,28934.294921875,29176.916015625
2023-07-25,29353.16015625,29062.43359375,29227.390625
2023-07-26,29675.552734375,29113.912109375,29354.97265625
2023-07-27,29560.966796875,29099.3515625,29210.689453125
2023-07-28,29521.513671875,29125.845703125,29319.24609375
2023-07-29,29396.84375,29264.166015625,29356.91796875
2023-07-30,29443.169921875,29059.501953125,29275.30859375
2023-07-31,29489.873046875,29131.578125,29230.111328125
2023-08-01,29675.732421875,28657.0234375,29675.732421875
2023-08-02,29987.998046875,28946.509765625,29151.958984375
2023-08-03,29375.70703125,28959.48828125,29178.6796875
2023-08-04,29302.078125,28885.3359375,29074.091796875
2023-08-05,29102.46484375,28957.796875,29042.126953125
2023-08-06,29160.822265625,28963.833984375,29041.85546875
2023-08-07,29244.28125,28724.140625,29180.578125
2023-08-08,30176.796875,29113.814453125,29765.4921875
2023-08-09,30093.435546875,29376.80078125,29561.494140625
2023-08-10,29688.564453125,29354.447265625,29429.591796875
2023-08-11,29517.7734375,29253.517578125,29397.71484375
2023-08-12,29465.11328125,29357.587890625,29415.96484375
2023-08-13,29441.43359375,29265.806640625,29282.9140625
2023-08-14,29660.25390625,29124.10546875,29408.443359375
2023-08-15,29439.12109375,29088.853515625,29170.34765625
2023-08-16,29221.9765625,28701.779296875,28701.779296875
2023-08-17,28745.947265625,25409.111328125,26664.55078125
2023-08-18,26808.1953125,25668.921875,26049.556640625
2023-08-19,26249.44921875,25802.408203125,26096.205078125
2023-08-20,26260.681640625,26004.314453125,26189.583984375
2023-08-21,26220.201171875,25846.087890625,26124.140625
2023-08-22,26135.5078125,25520.728515625,26031.65625
2023-08-23,26786.8984375,25804.998046875,26431.640625
2023-08-24,26554.91015625,25914.92578125,26162.373046875
2023-08-25,26248.103515625,25786.8125,26047.66796875
2023-08-26,26107.384765625,25983.87890625,26008.462890625
2023-08-27,26165.373046875,25965.09765625,26089.693359375
2023-08-28,26198.578125,25880.599609375,26106.150390625
2023-08-29,28089.337890625,25912.62890625,27727.392578125
2023-08-30,27760.16015625,27069.20703125,27297.265625
2023-08-31,27456.078125,25752.9296875,25931.47265625
2023-09-01,26125.869140625,25362.609375,25800.724609375
2023-09-02,25970.28515625,25753.09375,25868.798828125
2023-09-03,26087.1484375,25817.03125,25969.56640625
2023-09-04,26081.525390625,25657.025390625,25812.416015625
2023-09-05,25858.375,25589.98828125,25779.982421875
2023-09-06,25953.015625,25404.359375,25753.236328125
2023-09-07,26409.302734375,25608.201171875,26240.1953125
2023-09-08,26414.005859375,25677.48046875,25905.654296875
2023-09-09,25921.9765625,25810.494140625,25895.677734375
2023-09-10,25978.130859375,25640.26171875,25832.2265625
2023-09-11,25883.947265625,24930.296875,25162.654296875
2023-09-12,26451.939453125,25133.078125,25833.34375
2023-09-13,26376.11328125,25781.123046875,26228.32421875
2023-09-14,26774.623046875,26171.451171875,26539.673828125
2023-09-15,26840.498046875,26240.701171875,26608.693359375
2023-09-16,26754.76953125,26473.890625,26568.28125
2023-09-17,26617.998046875,26445.07421875,26534.1875
2023-09-18,27414.734375,26415.515625,26754.28125
2023-09-19,27488.763671875,26681.60546875,27211.1171875
2023-09-20,27379.505859375,26864.08203125,27132.0078125
2023-09-21,27152.939453125,26389.30078125,26567.6328125
2023-09-22,26726.078125,26495.533203125,26579.568359375
2023-09-23,26634.185546875,26520.51953125,26579.390625
2023-09-24,26716.05859375,26221.05078125,26256.826171875
2023-09-25,26421.5078125,26011.46875,26298.48046875
2023-09-26,26389.884765625,26090.712890625,26217.25
2023-09-27,26817.841796875,26111.46484375,26352.716796875
2023-09-28,27259.5,26327.322265625,27021.546875
2023-09-29,27225.9375,26721.763671875,26911.720703125
2023-09-30,27091.794921875,26888.96875,26967.916015625
2023-10-01,28047.23828125,26965.09375,27983.75
2023-10-02,28494.458984375,27347.787109375,27530.78515625
2023-10-03,27667.19140625,27216.001953125,27429.978515625
2023-10-04,27826.658203125,27248.10546875,27799.39453125
2023-10-05,28091.861328125,27375.6015625,27415.912109375
2023-10-06,28252.537109375,27215.552734375,27946.59765625
2023-10-07,28028.091796875,27870.423828125,27968.83984375
2023-10-08,28102.169921875,27740.662109375,27935.08984375
2023-10-09,27989.470703125,27302.5625,27583.677734375
2023-10-10,27715.84765625,27301.654296875,27391.01953125
2023-10-11,27474.115234375,26561.099609375,26873.3203125
2023-10-12,26921.439453125,26558.3203125,26756.798828125
2023-10-13,27092.697265625,26686.322265625,26862.375
2023-10-14,26969,26814.5859375,26861.70703125
2023-10-15,27289.169921875,26817.89453125,27159.65234375
2023-10-16,29448.138671875,27130.47265625,28519.466796875
2023-10-17,28618.751953125,28110.185546875,28415.748046875
2023-10-18,28889.009765625,28174.251953125,28328.341796875
2023-10-19,28892.474609375,28177.98828125,28719.806640625
2023-10-20,30104.0859375,28601.669921875,29682.94921875
2023-10-21,30287.482421875,29481.751953125,29918.412109375
2023-10-22,30199.43359375,29720.3125,29993.896484375
2023-10-23,34370.4375,30097.828125,33086.234375
2023-10-24,35150.43359375,32880.76171875,33901.52734375
2023-10-25,35133.7578125,33709.109375,34502.8203125
2023-10-26,34832.91015625,33762.32421875,34156.6484375
2023-10-27,34238.2109375,33416.88671875,33909.80078125
2023-10-28,34399.390625,33874.8046875,34089.57421875
2023-10-29,34743.26171875,33947.56640625,34538.48046875
2023-10-30,34843.93359375,34110.97265625,34502.36328125
2023-10-31,34719.25390625,34083.30859375,34667.78125
2023-11-01,35527.9296875,34170.69140625,35437.25390625
2023-11-02,35919.84375,34401.57421875,34938.2421875
2023-11-03,34942.47265625,34133.44140625,34732.32421875
2023-11-04,35256.03125,34616.69140625,35082.1953125
2023-11-05,35340.33984375,34594.2421875,35049.35546875
2023-11-06,35286.02734375,34765.36328125,35037.37109375
2023-11-07,35892.41796875,34545.81640625,35443.5625
2023-11-08,35994.41796875,35147.80078125,35655.27734375
2023-11-09,37926.2578125,35592.1015625,36693.125
2023-11-10,37493.80078125,36362.75390625,37313.96875
2023-11-11,37407.09375,36773.66796875,37138.05078125
2023-11-12,37227.69140625,36779.1171875,37054.51953125
2023-11-13,37405.1171875,36399.60546875,36502.35546875
2023-11-14,36753.3515625,34948.5,35537.640625
2023-11-15,37964.89453125,35383.78125,37880.58203125
2023-11-16,37934.625,35545.47265625,36154.76953125
2023-11-17,36704.484375,35901.234375,36596.68359375
2023-11-18,36839.28125,36233.3125,36585.703125
2023-11-19,37509.35546875,36414.59765625,37386.546875
2023-11-20,37756.8203125,36882.53125,37476.95703125
2023-11-21,37631.140625,35813.8125,35813.8125
2023-11-22,37856.98046875,35670.97265625,37432.33984375
2023-11-23,37643.91796875,36923.86328125,37289.62109375
2023-11-24,38415.33984375,37261.60546875,37720.28125
2023-11-25,37892.4296875,37617.41796875,37796.79296875
2023-11-26,37820.30078125,37162.75,37479.12109375
2023-11-27,37559.35546875,36750.12890625,37254.16796875
2023-11-28,38368.48046875,36891.08984375,37831.0859375
2023-11-29,38366.11328125,37612.6328125,37858.4921875
2023-11-30,38141.75390625,37531.140625,37712.74609375
2023-12-01,38954.109375,37629.359375,38688.75
2023-12-02,39678.9375,38652.59375,39476.33203125
2023-12-03,40135.60546875,39298.1640625,39978.390625
2023-12-04,42371.75,39978.62890625,41980.09765625
2023-12-05,44408.6640625,41421.1484375,44080.6484375
2023-12-06,44265.76953125,43478.08203125,43746.4453125
2023-12-07,44042.58984375,42880.6484375,43292.6640625
2023-12-08,44705.515625,43125.296875,44166.6015625
2023-12-09,44361.2578125,43627.59765625,43725.984375
2023-12-10,44034.625,43593.28515625,43779.69921875
2023-12-11,43808.375,40234.578125,41243.83203125
2023-12-12,42048.3046875,40667.5625,41450.22265625
2023-12-13,43429.78125,40676.8671875,42890.7421875
2023-12-14,43390.859375,41767.08984375,43023.97265625
2023-12-15,43087.82421875,41692.96875,41929.7578125
2023-12-16,42664.9453125,41723.11328125,42240.1171875
2023-12-17,42359.49609375,41274.54296875,41364.6640625
2023-12-18,42720.296875,40530.2578125,42623.5390625
2023-12-19,43354.296875,41826.3359375,42270.52734375
2023-12-20,44275.5859375,42223.81640625,43652.25
2023-12-21,44240.66796875,43330.05078125,43869.15234375
2023-12-22,44367.95703125,43441.96875,43997.90234375
2023-12-23,44015.69921875,43351.35546875,43739.54296875
2023-12-24,43945.5234375,42786.91796875,43016.1171875
2023-12-25,43765.09375,42765.76953125,43613.140625
2023-12-26,43603.17578125,41676.48828125,42520.40234375
2023-12-27,43683.16015625,42167.58203125,43442.85546875
2023-12-28,43804.78125,42318.55078125,42627.85546875
2023-12-29,43124.32421875,41424.0625,42099.40234375
2023-12-30,42584.125,41556.2265625,42156.90234375
2023-12-31,42860.9375,41998.25390625,42265.1875
2024-01-01,44175.4375,42214.9765625,44167.33203125
2024-01-02,45899.70703125,44176.94921875,44957.96875
2024-01-03,45503.2421875,40813.53515625,42848.17578125
2024-01-04,44770.0234375,42675.17578125,44179.921875
2024-01-05,44353.28515625,42784.71875,44162.69140625
2024-01-06,44227.6328125,43475.15625,43989.1953125
2024-01-07,44495.5703125,43662.23046875,43943.09765625
2024-01-08,47218,43244.08203125,46970.50390625
2024-01-09,47893.69921875,45244.71484375,46139.73046875
2024-01-10,47647.22265625,44483.15234375,46627.77734375
2024-01-11,48969.37109375,45678.64453125,46368.5859375
2024-01-12,46498.13671875,41903.76953125,42853.16796875
2024-01-13,43234.66015625,42464.14453125,42842.3828125
2024-01-14,43065.59765625,41724.61328125,41796.26953125
2024-01-15,43319.72265625,41705.41796875,42511.96875
2024-01-16,43566.2734375,42085.99609375,43154.9453125
2024-01-17,43189.890625,42189.30859375,42742.65234375
2024-01-18,42876.34765625,40631.171875,41262.05859375
2024-01-19,42134.16015625,40297.45703125,41618.40625
2024-01-20,41877.89453125,41446.82421875,41665.5859375
2024-01-21,41855.3671875,41497.0078125,41545.78515625
2024-01-22,41651.20703125,39450.1171875,39507.3671875
2024-01-23,40127.3515625,38521.89453125,39845.55078125
2024-01-24,40483.78515625,39508.796875,40077.07421875
2024-01-25,40254.48046875,39545.6640625,39933.80859375
2024-01-26,42209.38671875,39825.69140625,41816.87109375
2024-01-27,42195.6328125,41431.28125,42120.0546875
2024-01-28,42797.17578125,41696.91015625,42035.59375
2024-01-29,43305.8671875,41818.33203125,43288.24609375
2024-01-30,43838.9453125,42711.37109375,42952.609375
2024-01-31,43717.40625,42298.9453125,42582.60546875
2024-02-01,43243.16796875,41879.19140625,43075.7734375
2024-02-02,43422.48828125,42584.3359375,43185.859375
2024-02-03,43359.94140625,42890.80859375,42992.25
2024-02-04,43097.64453125,42374.83203125,42583.58203125
2024-02-05,43494.25,42264.81640625,42658.66796875
2024-02-06,43344.1484375,42529.01953125,43084.671875
2024-02-07,44341.94921875,42775.95703125,44318.22265625
2024-02-08,45575.83984375,44332.125,45301.56640625
2024-02-09,48152.49609375,45260.82421875,47147.19921875
2024-02-10,48146.171875,46905.3203125,47771.27734375
2024-02-11,48535.9375,47617.40625,48293.91796875
2024-02-12,50280.4765625,47745.76171875,49958.22265625
2024-02-13,50358.390625,48406.49609375,49742.44140625
2024-02-14,52021.37109375,49296.83203125,51826.6953125
2024-02-15,52820.06640625,51371.62890625,51938.5546875
2024-02-16,52537.96875,51641.3671875,52160.203125
2024-02-17,52191.9140625,50669.66796875,51662.99609375
2024-02-18,52356.96484375,51233.70703125,52122.546875
2024-02-19,52483.32421875,51711.8203125,51779.14453125
2024-02-20,52945.05078125,50792.3125,52284.875
2024-02-21,52368.81640625,50671.7578125,51839.1796875
2024-02-22,52009.61328125,50926.29296875,51304.97265625
2024-02-23,51497.93359375,50561.77734375,50731.94921875
2024-02-24,51684.1953125,50585.4453125,51571.1015625
2024-02-25,51950.02734375,51306.171875,51733.23828125
2024-02-26,54938.17578125,50931.03125,54522.40234375
2024-02-27,57537.83984375,54484.19921875,57085.37109375
2024-02-28,63913.1328125,56738.42578125,62504.7890625
2024-02-29,63585.64453125,60498.73046875,61198.3828125
2024-03-01,63155.1015625,60802.52734375,62440.6328125
2024-03-02,62458.69921875,61657.2890625,62029.84765625
2024-03-03,63230.2109375,61435.0234375,63167.37109375
2024-03-04,68537.03125,62386.51953125,68330.4140625
2024-03-05,69170.625,59323.91015625,63801.19921875
2024-03-06,67637.9296875,62848.671875,66106.8046875
2024-03-07,68029.921875,65655.53125,66925.484375
2024-03-08,70083.0546875,66230.453125,68300.09375
2024-03-09,68673.0546875,68053.125,68498.8828125
2024-03-10,70005.203125,68239.9765625,69019.7890625
2024-03-11,72850.7109375,67194.8828125,72123.90625
2024-03-12,72825.65625,68728.8515625,71481.2890625
2024-03-13,73637.4765625,71334.09375,73083.5
2024-03-14,73750.0703125,68563.0234375,71396.59375
2024-03-15,72357.1328125,65630.6953125,69403.7734375
2024-03-16,70046.2734375,64801.39453125,65315.1171875
2024-03-17,68845.71875,64545.31640625,68390.625
2024-03-18,68897.1328125,66594.2265625,67548.59375
2024-03-19,68106.9296875,61536.1796875,61912.7734375
2024-03-20,68115.2578125,60807.78515625,67913.671875
2024-03-21,68199.9921875,64580.91796875,65491.390625
2024-03-22,66623.75,62355.37109375,63778.76171875
2024-03-23,65976.3984375,63038.4921875,64062.203125
2024-03-24,67622.7578125,63825.8515625,67234.171875
2024-03-25,71162.59375,66414.8359375,69958.8125
2024-03-26,71535.7421875,69335.609375,69987.8359375
2024-03-27,71727.6875,68381.9296875,69455.34375
2024-03-28,71546.0234375,68895.5078125,70744.953125
2024-03-29,70913.09375,69076.65625,69892.828125
2024-03-30,70355.4921875,69601.0625,69645.3046875
2024-03-31,71377.78125,69624.8671875,71333.6484375
2024-04-01,71342.09375,68110.6953125,69702.1484375
2024-04-02,69708.3828125,64586.59375,65446.97265625
2024-04-03,66914.3203125,64559.8984375,65980.8125
2024-04-04,69291.2578125,65113.796875,68508.84375
2024-04-05,68725.7578125,66011.4765625,67837.640625
2024-04-06,69629.6015625,67491.71875,68896.109375
2024-04-07,70284.4296875,68851.6328125,69362.5546875
2024-04-08,72715.359375,69064.2421875,71631.359375
2024-04-09,71742.5078125,68212.921875,69139.015625
2024-04-10,71093.4296875,67503.5625,70587.8828125
2024-04-11,71256.234375,69571.8125,70060.609375
2024-04-12,71222.7421875,65254.8359375,67195.8671875
2024-04-13,67931.4296875,60919.10546875,63821.47265625
2024-04-14,65824.4296875,62205.8515625,65738.7265625
2024-04-15,66878.6484375,62332.0703125,63426.2109375
2024-04-16,64355.66796875,61716.40234375,63811.86328125
2024-04-17,64486.36328125,59768.5859375,61276.69140625
2024-04-18,64125.6875,60833.48046875,63512.75390625
2024-04-19,65481.59765625,59651.390625,63843.5703125
2024-04-20,65442.45703125,63172.40234375,64994.44140625
2024-04-21,65723.2421875,64277.72265625,64926.64453125
2024-04-22,67233.9609375,64548.1796875,66837.6796875
2024-04-23,67199.2421875,65864.8671875,66407.2734375
2024-04-24,67075.3671875,63589.87109375,64276.8984375
2024-04-25,65275.20703125,62783.6328125,64481.70703125
2024-04-26,64789.65625,63322.3984375,63755.3203125
2024-04-27,63898.36328125,62424.71875,63419.140625
2024-04-28,64321.484375,62793.59765625,63113.23046875
2024-04-29,64174.87890625,61795.45703125,63841.12109375
2024-04-30,64703.33203125,59120.06640625,60636.85546875
2024-05-01,60780.5,56555.29296875,58254.01171875
2024-05-02,59602.296875,56937.203125,59123.43359375
2024-05-03,63320.50390625,58848.3125,62889.8359375
2024-05-04,64494.95703125,62599.3515625,63891.47265625
2024-05-05,64610.890625,62955.3046875,64031.1328125
2024-05-06,65494.90234375,62746.23828125,63161.94921875
2024-05-07,64390.45703125,62285.98046875,62334.81640625
2024-05-08,62986.0859375,60877.12890625,61187.94140625
2024-05-09,63404.9140625,60648.07421875,63049.9609375
2024-05-10,63446.7421875,60208.78125,60792.77734375
2024-05-11,61451.15234375,60492.625,60793.7109375
2024-05-12,61818.15625,60632.6015625,61448.39453125
2024-05-13,63422.66015625,60769.83984375,62901.44921875
2024-05-14,63092.125,61123.765625,61552.7890625
2024-05-15,66454.453125,61330.41015625,66267.4921875
2024-05-16,66712.4296875,64613.0546875,65231.58203125
2024-05-17,67459.4609375,65119.31640625,67051.875
2024-05-18,67387.328125,66663.5,66940.8046875
2024-05-19,67694.296875,65937.1796875,66278.3671875
2024-05-20,71483.5625,66086.171875,71448.1953125
2024-05-21,71946.4609375,69191.125,70136.53125
2024-05-22,70623.6953125,68977.6953125,69122.3359375
2024-05-23,70041.2734375,66356.953125,67929.5625
2024-05-24,69220.296875,66622.671875,68526.1015625
2024-05-25,69579.3203125,68515.8203125,69265.9453125
2024-05-26,69506.2265625,68183.890625,68518.09375
2024-05-27,70597.8828125,68232.5,69394.5546875
2024-05-28,69514.640625,67227.15625,68296.21875
2024-05-29,68852.4609375,67101.4921875,67578.09375
2024-05-30,69500.5390625,67118.078125,68364.9921875
2024-05-31,68999.5625,66633.421875,67491.4140625
2024-06-01,67839.765625,67386.1953125,67706.9375
2024-06-02,68409.1640625,67315.5234375,67751.6015625
2024-06-03,70230.8203125,67589.8359375,68804.78125
2024-06-04,71047.40625,68564.640625,70567.765625
2024-06-05,71735.4140625,70390.7109375,71082.8203125
2024-06-06,71625.734375,70119.125,70757.1640625
2024-06-07,71907.8515625,68507.2578125,69342.5859375
2024-06-08,69533.3203125,69210.7421875,69305.7734375
2024-06-09,69817.5234375,69160.84375,69647.9921875
2024-06-10,70146.0703125,69232.421875,69512.28125
2024-06-11,69549.4140625,66123.6015625,67332.03125
2024-06-12,69977.890625,66902.453125,68241.1875
2024-06-13,68365.78125,66304.5625,66756.3984375
2024-06-14,67294.6484375,65056.89453125,66011.09375
2024-06-15,66402.1875,65871.7734375,66191
2024-06-16,66894.84375,66018.25,66639.046875
2024-06-17,67188.3203125,65094.96484375,66490.296875
2024-06-18,66556.703125,64066.95703125,65140.74609375
2024-06-19,65695.3515625,64693.30078125,64960.296875
2024-06-20,66438.9609375,64547.84765625,64828.65625
2024-06-21,65007.546875,63378.89453125,64096.19921875
2024-06-22,64475.46875,63929.7578125,64252.578125
2024-06-23,64491.703125,63180.796875,63180.796875
2024-06-24,63292.52734375,58601.69921875,60277.4140625
2024-06-25,62258.26171875,60239.75,61804.640625
2024-06-26,62434.13671875,60695.1875,60811.27734375
2024-06-27,62293.86328125,60585.33203125,61604.80078125
2024-06-28,62126.09765625,59985.40234375,60320.13671875
2024-06-29,61097.62109375,60300.96484375,60887.37890625
2024-06-30,62892.828125,60632.94921875,62678.29296875
2024-07-01,63777.2265625,62495.51171875,62851.98046875
2024-07-02,63203.359375,61752.74609375,62029.015625
2024-07-03,62187.703125,59419.38671875,60173.921875
2024-07-04,60399.67578125,56777.8046875,56977.703125
2024-07-05,57497.15234375,53717.375,56662.375
2024-07-06,58472.546875,56038.9609375,58303.5390625
2024-07-07,58371.12109375,55793.32421875,55849.109375
2024-07-08,58131.3359375,54321.01953125,56705.09765625
2024-07-09,58239.1953125,56316.875,58009.2265625
2024-07-10,59359.43359375,57178.4140625,57742.49609375
2024-07-11,59299.43359375,57120.37890625,57344.9140625
2024-07-12,58532.5546875,56590.17578125,57899.46484375
2024-07-13,59787.078125,57796.44140625,59231.953125
2024-07-14,61329.52734375,59225.25,60787.79296875
2024-07-15,64870.15234375,60704.9296875,64870.15234375
2024-07-16,65354.33984375,62487.96875,65097.1484375
2024-07-17,66066.734375,63896.0859375,64118.79296875
2024-07-18,65104.66015625,63246.1640625,63974.06640625
2024-07-19,67442.640625,63329.34375,66710.15625
2024-07-20,67610.734375,66299.6171875,67163.6484375
2024-07-21,68372.90625,65842.296875,68154.5234375
2024-07-22,68480.0625,66611.296875,67585.25
2024-07-23,67779.015625,65484.4609375,65927.671875
2024-07-24,67113.984375,65146.99609375,65372.1328125
2024-07-25,66112.421875,63473.47265625,65777.2265625
2024-07-26,68207.6015625,65743.765625,67912.0625
2024-07-27,69398.5078125,66705.21875,67813.3359375
2024-07-28,68301.8515625,67085.828125,68255.8671875
2024-07-29,69987.5390625,66532.59375,66819.9140625
2024-07-30,66987.671875,65323.19140625,66201.015625
2024-07-31,66810.2109375,64532.046875,64619.25
2024-08-01,65593.2421875,62248.94140625,65357.5
2024-08-02,65523.22265625,61184.89453125,61415.06640625
2024-08-03,62148.37109375,59836.52734375,60680.09375
2024-08-04,61062.98828125,57210.8046875,58116.9765625
2024-08-05,58268.828125,49121.23828125,53991.45703125
2024-08-06,57059.91796875,53973.2734375,56034.31640625
2024-08-07,57726.8828125,54620.5078125,55027.4609375
2024-08-08,62673.765625,54766.7265625,61710.13671875
2024-08-09,61751.86328125,59587.859375,60880.11328125
2024-08-10,61464.51171875,60287.56640625,60945.8125
2024-08-11,61778.66015625,58348.82421875,58719.484375
2024-08-12,60680.33203125,57688.8984375,59354.515625
2024-08-13,61572.3984375,58506.25390625,60609.56640625
2024-08-14,61687.7578125,58472.875,58737.26953125
2024-08-15,59838.6484375,56161.59375,57560.09765625
2024-08-16,59847.359375,57110.01953125,58894.10546875
2024-08-17,59694.66796875,58814.83203125,59478.97265625
2024-08-18,60262.71875,58445.40234375,58483.96484375
2024-08-19,59612.66015625,57864.7109375,59493.453125
2024-08-20,61396.328125,58610.8828125,59012.79296875
2024-08-21,61834.3515625,58823.4453125,61175.19140625
2024-08-22,61408.109375,59815.25390625,60381.9140625
2024-08-23,64947.0625,60372.05078125,64094.35546875
2024-08-24,64513.7890625,63619.91796875,64178.9921875
2024-08-25,64996.421875,63833.51953125,64333.54296875
2024-08-26,64489.70703125,62849.55859375,62880.66015625
2024-08-27,63210.796875,58116.75,59504.1328125
2024-08-28,60236.44921875,57890.67578125,59027.625
2024-08-29,61184.08203125,58786.2265625,59388.1796875
2024-08-30,59896.88671875,57768.53125,59119.4765625
2024-08-31,59432.59375,58768.78515625,58969.8984375
2024-09-01,59062.0703125,57217.82421875,57325.48828125
2024-09-02,59403.0703125,57136.02734375,59112.48046875
2024-09-03,59815.05859375,57425.16796875,57431.0234375
2024-09-04,58511.5703125,55673.1640625,57971.5390625
2024-09-05,58300.58203125,55712.453125,56160.48828125
2024-09-06,56976.109375,52598.69921875,53948.75390625
2024-09-07,54838.14453125,53740.0703125,54139.6875
2024-09-08,55300.859375,53653.7578125,54841.56640625
2024-09-09,58041.125,54598.43359375,57019.53515625
2024-09-10,58029.9765625,56419.4140625,57648.7109375
2024-09-11,57991.3203125,55567.33984375,57343.171875
2024-09-12,58534.359375,57330.1015625,58127.01171875
2024-09-13,60648.0234375,57650.11328125,60571.30078125
2024-09-14,60656.72265625,59517.8828125,60005.12109375
2024-09-15,60381.91796875,58696.30859375,59182.8359375
2024-09-16,59205.51171875,57501.33984375,58192.5078125
2024-09-17,61316.08984375,57628.0703125,60308.5390625
2024-09-18,61664.06640625,59218.25390625,61649.6796875
2024-09-19,63872.44140625,61609.8671875,62940.45703125
2024-09-20,64119.53125,62364.60546875,63192.9765625
2024-09-21,63543.359375,62783.10546875,63394.83984375
2024-09-22,63993.421875,62440.7265625,63648.7109375
2024-09-23,64733.55859375,62628.078125,63329.80078125
2024-09-24,64695.21484375,62737.41796875,64301.96875
2024-09-25,64804.50390625,62945.375,63143.14453125
2024-09-26,65790.796875,62669.26953125,65181.01953125
2024-09-27,66480.6953125,64852.9921875,65790.6640625
2024-09-28,66255.53125,65458.03515625,65887.6484375
2024-09-29,66069.34375,65450.015625,65635.3046875
2024-09-30,65635.0546875,62873.6171875,63329.5
2024-10-01,64110.98046875,60189.27734375,60837.0078125
2024-10-02,62357.6875,59996.94921875,60632.78515625
2024-10-03,61469.0390625,59878.8046875,60759.40234375
2024-10-04,62465.9921875,60459.94140625,62067.4765625
2024-10-05,62371.0234375,61689.58203125,62089.94921875
2024-10-06,62959.5703125,61833.1484375,62818.953125
2024-10-07,64443.70703125,62152.55078125,62236.66015625
2024-10-08,63174.3046875,61843.5625,62131.96875
2024-10-09,62508.8359375,60314.61328125,60582.1015625
2024-10-10,61236.72265625,58895.20703125,60274.5
2024-10-11,63400.87109375,60046.125,62445.08984375
2024-10-12,63448.78515625,62443.26953125,63193.0234375
2024-10-13,63272.65234375,62035.63671875,62851.375
2024-10-14,66482.4921875,62442.15234375,66046.125
2024-10-15,67881.6796875,64809.1953125,67041.109375
2024-10-16,68375.2890625,66758.7265625,67612.71875
2024-10-17,67912.2109375,66647.390625,67399.8359375
2024-10-18,68969.75,67177.8203125,68418.7890625
2024-10-19,68668.0078125,68024.640625,68362.734375
2024-10-20,69359.0078125,68105.71875,69001.703125
2024-10-21,69462.734375,66829.8515625,67367.8515625
2024-10-22,67801.578125,66581.3671875,67361.40625
2024-10-23,67402.7421875,65188.03515625,66432.1953125
2024-10-24,68798.9609375,66454.1015625,68161.0546875
2024-10-25,68722.15625,65521.79296875,66642.4140625
2024-10-26,67317.921875,66360.59375,67014.6953125
2024-10-27,68221.3125,66847.2265625,67929.296875
2024-10-28,70212.265625,67535.1328125,69907.7578125
2024-10-29,73577.2109375,69729.9140625,72720.4921875
2024-10-30,72905.296875,71411.734375,72339.5390625
2024-10-31,72662.3125,69590.5,70215.1875
2024-11-01,71559.015625,68779.703125,69482.46875
2024-11-02,69867.3515625,69033.71875,69289.2734375
2024-11-03,69361.65625,67482.5234375,68741.1171875
2024-11-04,69433.1796875,66803.6484375,67811.5078125
2024-11-05,70522.7890625,67458.8671875,69359.5625
2024-11-06,76460.15625,69322.03125,75639.078125
2024-11-07,76943.1171875,74480.421875,75904.859375
2024-11-08,77252.75,75648.7421875,76545.4765625
2024-11-09,76932.765625,75773.7890625,76778.8671875
2024-11-10,81474.421875,76565.4296875,80474.1875
2024-11-11,89604.5,80283.25,88701.484375
2024-11-12,89956.8828125,85155.109375,87955.8125
2024-11-13,93434.3515625,86256.9296875,90584.1640625
2024-11-14,91765.21875,86682.8125,87250.4296875
2024-11-15,91868.7421875,87124.8984375,91066.0078125
2024-11-16,91763.9453125,90094.2265625,90558.4765625
2024-11-17,91433.0390625,88741.6640625,89845.8515625
2024-11-18,92596.7890625,89393.59375,90542.640625
2024-11-19,94002.8671875,90426.984375,92343.7890625
2024-11-20,94902.0234375,91619.5,94339.4921875
2024-11-21,99014.21875,94132.6015625,98504.7265625
2024-11-22,99655.5,97222.6640625,98997.6640625
2024-11-23,99014.6796875,97232.890625,97777.28125
2024-11-24,98647.1796875,95788.078125,98013.8203125
2024-11-25,98935.03125,92642.9140625,93102.296875
2024-11-26,94991.75,90770.8125,91985.3203125
2024-11-27,97361.1796875,91778.6640625,95962.53125
2024-11-28,96650.203125,94677.3515625,95652.46875
2024-11-29,98693.171875,95407.8828125,97461.5234375
2024-11-30,97499.34375,96144.21875,96449.0546875
2024-12-01,97888.125,95770.1875,97279.7890625
2024-12-02,98152.6015625,94482.8671875,95865.3046875
2024-12-03,96297.203125,93629.5625,96002.1640625
2024-12-04,99207.328125,94660.5234375,98768.53125
2024-12-05,103900.46875,91998.78125,96593.5703125
2024-12-06,102039.8828125,96514.875,99920.7109375
2024-12-07,100563.3828125,99030.8828125,99923.3359375
2024-12-08,101399.9921875,98771.515625,101236.015625
2024-12-09,101272.5078125,94355.9140625,97432.71875
2024-12-10,98270.15625,94321.2578125,96675.4296875
2024-12-11,101913.359375,95747.2265625,101173.03125
2024-12-12,102524.9140625,99339.953125,100043
2024-12-13,101888.8046875,99233.28125,101459.2578125
2024-12-14,102618.8828125,100634.0546875,101372.96875
2024-12-15,105047.5390625,101227.03125,104298.6953125
2024-12-16,107780.578125,103322.984375,106029.71875
2024-12-17,108268.4453125,105291.734375,106140.6015625
2024-12-18,106470.609375,100041.5390625,100041.5390625
2024-12-19,102748.1484375,95587.6796875,97490.953125
2024-12-20,98098.9140625,92175.1796875,97755.9296875
2024-12-21,99507.1015625,96426.5234375,97224.7265625
2024-12-22,97360.265625,94202.1875,95104.9375
2024-12-23,96416.2109375,92403.1328125,94686.2421875
2024-12-24,99404.0625,93448.015625,98676.09375
2024-12-25,99478.75,97593.46875,99299.1953125
2024-12-26,99884.5703125,95137.8828125,95795.515625
2024-12-27,97294.84375,93310.7421875,94164.859375
2024-12-28,95525.8984375,94014.2890625,95163.9296875
2024-12-29,95174.875,92881.7890625,93530.2265625
2024-12-30,94903.3203125,91317.1328125,92643.2109375
2024-12-31,96090.6015625,91914.03125,93429.203125
2025-01-01,94929.8671875,92788.125,94419.7578125
2025-01-02,97739.8203125,94201.5703125,96886.875
2025-01-03,98956.9140625,96034.6171875,98107.4296875
2025-01-04,98734.4296875,97562.9765625,98236.2265625
2025-01-05,98813.3046875,97291.765625,98314.9609375
2025-01-06,102482.875,97926.1484375,102078.0859375
2025-01-07,102712.484375,96132.875,96922.703125
2025-01-08,97258.3203125,92525.84375,95043.5234375
2025-01-09,95349.71875,91220.84375,92484.0390625
2025-01-10,95770.609375,92250.09375,94701.453125
2025-01-11,94977.6875,93840.046875,94566.59375
2025-01-12,95367.5390625,93712.5078125,94488.4375
2025-01-13,95837,89260.1015625,94516.5234375
2025-01-14,97352.6640625,94322.15625,96534.046875
2025-01-15,100697.234375,96501.640625,100504.4921875
2025-01-16,100781.5859375,97364.4453125,99756.90625
2025-01-17,105884.2265625,99948.90625,104462.0390625
2025-01-18,104913.203125,102226.6171875,104408.0703125
2025-01-19,106299.796875,99570.53125,101089.609375
2025-01-20,109114.8828125,99471.359375,102016.6640625
2025-01-21,107180.921875,100103.953125,106146.265625
2025-01-22,106294.34375,103360.265625,103653.0703125
2025-01-23,106820.328125,101257.8046875,103960.171875
2025-01-24,107098.546875,102772.125,104819.484375
2025-01-25,105243.7890625,104120.375,104714.6484375
2025-01-26,105438.6484375,102507.7109375,102682.5
2025-01-27,103214.109375,97795.9375,102087.6875
2025-01-28,103730.8203125,100238.1875,101332.4765625
2025-01-29,104750.8046875,101283.8203125,103703.2109375
2025-01-30,106418.765625,103321.6484375,104735.3046875
2025-01-31,106026.3515625,101543.8828125,102405.0234375
2025-02-01,102755.7265625,100297.7109375,100655.90625
2025-02-02,101430.6640625,96216.078125,97688.9765625
2025-02-03,102514.171875,91242.890625,101405.421875
2025-02-04,101745.6171875,96208.109375,97871.8203125
2025-02-05,99113.2109375,96174.828125,96615.4453125
2025-02-06,99168.609375,95707.3515625,96593.296875
2025-02-07,100154.140625,95653.8828125,96529.0859375
2025-02-08,96877.8046875,95702.4921875,96482.453125
2025-02-09,97325.28125,94745.2578125,96500.09375
2025-02-10,98333.21875,95320.84375,97437.5546875
2025-02-11,98492.8984375,94875.0390625,95747.4296875
2025-02-12,98151.0234375,94101.203125,97885.859375
2025-02-13,98111.0859375,95269.7109375,96623.8671875
2025-02-14,98819.46875,96342.8046875,97508.96875
2025-02-15,97975.0390625,97240.1953125,97580.3515625
2025-02-16,97725.59375,96060.9765625,96175.03125
2025-02-17,97032.234375,95243.546875,95773.3828125
2025-02-18,96695.375,93388.8359375,95539.546875
2025-02-19,96855.59375,95011.96875,96635.609375
2025-02-20,98767.1953125,96442.671875,98333.9375
2025-02-21,99497.96875,94852.9609375,96125.546875
2025-02-22,96950.15625,95765.34375,96577.7578125
2025-02-23,96671.875,95270.453125,96273.921875
2025-02-24,96503.453125,91371.7421875,91418.171875
2025-02-25,92511.078125,86008.234375,88736.171875
2025-02-26,89286.25,82131.8984375,84347.0234375
2025-02-27,87000.78125,83144.9609375,84704.2265625
2025-02-28,85036.3203125,78248.9140625,84373.0078125
2025-03-01,86522.3046875,83794.234375,86031.9140625
2025-03-02,95043.4375,85040.2109375,94248.3515625
2025-03-03,94429.75,85081.3046875,86065.671875
2025-03-04,88911.2734375,81529.2421875,87222.1953125
2025-03-05,90998.2421875,86379.7734375,90623.5625
2025-03-06,92804.9375,87852.140625,89961.7265625
2025-03-07,91191.046875,84717.6796875,86742.671875
2025-03-08,86847.265625,85247.484375,86154.59375
2025-03-09,86471.1328125,80052.484375,80601.0390625
2025-03-10,83955.9296875,77420.59375,78532
2025-03-11,83577.7578125,76624.25,82862.2109375
2025-03-12,84358.578125,80635.25,83722.359375
2025-03-13,84301.6953125,79931.8515625,81066.703125
2025-03-14,85263.2890625,80797.5625,83969.1015625
2025-03-15,84672.671875,83639.59375,84343.109375
2025-03-16,85051.6015625,82017.90625,82579.6875
2025-03-17,84725.328125,82492.15625,84075.6875
2025-03-18,84075.71875,81179.9921875,82718.5
2025-03-19,87021.1875,82569.7265625,86854.2265625
2025-03-20,87443.265625,83647.1953125,84167.1953125
2025-03-21,84782.2734375,83171.0703125,84043.2421875
2025-03-22,84513.875,83674.78125,83832.484375
2025-03-23,86094.78125,83794.9140625,86054.375
2025-03-24,88758.7265625,85541.1953125,87498.9140625
2025-03-25,88542.3984375,86346.078125,87471.703125
2025-03-26,88292.15625,85861.453125,86900.8828125
2025-03-27,87786.7265625,85837.9375,87177.1015625
2025-03-28,87489.859375,83557.640625,84353.1484375
2025-03-29,84567.3359375,81634.140625,82597.5859375
2025-03-30,83505,81573.25,82334.5234375
2025-03-31,83870.125,81293.890625,82548.9140625
2025-04-01,85487.3671875,82429.359375,85169.171875
2025-04-02,88466.953125,82343.5390625,82485.7109375
2025-04-03,83909.296875,81282.1015625,83102.828125
2025-04-04,84696.1484375,81670.75,83843.8046875
2025-04-05,84207.015625,82377.734375,83504.796875
2025-04-06,83704.71875,77097.7421875,78214.484375
2025-04-07,81119.0625,74436.6796875,79235.3359375
2025-04-08,80823.890625,76198.0234375,76271.953125
2025-04-09,83541,74589.671875,82573.953125
2025-04-10,82700.9296875,78456.1328125,79626.140625
2025-04-11,84247.4765625,78936.3203125,83404.8359375
2025-04-12,85856.1875,82769.375,85287.109375
2025-04-13,86015.1875,83027.0078125,83684.9765625
2025-04-14,85785,83690.640625,84542.390625
2025-04-15,86429.3515625,83598.8203125,83668.9921875
2025-04-16,85428.28125,83100.6171875,84033.8671875
2025-04-17,85449.0703125,83749.75,84895.75
2025-04-18,85095.046875,84298.8828125,84450.8046875
2025-04-19,85597.703125,84353.4609375,85063.4140625
2025-04-20,85306.3828125,83976.84375,85174.3046875
2025-04-21,88460.09375,85143.8359375,87518.90625
2025-04-22,93817.3828125,87084.53125,93441.890625
2025-04-23,94535.734375,91962.9609375,93699.109375
2025-04-24,94016.1953125,91696.7109375,93943.796875
2025-04-25,95768.390625,92898.59375,94720.5
2025-04-26,95251.359375,93927.25,94646.9296875
2025-04-27,95301.203125,93665.3984375,93754.84375
2025-04-28,95598.4921875,92860.8046875,94978.75
2025-04-29,95485.4140625,93796.6328125,94284.7890625
2025-04-30,95249.3203125,92979.640625,94207.3125
2025-05-01,97437.9609375,94153.6328125,96492.3359375
2025-05-02,97905.8984375,96375.9453125,96910.0703125
2025-05-03,96943.8828125,95821.2890625,95891.796875
2025-05-04,96318.921875,94173.4296875,94315.9765625
2025-05-05,95193.1875,93566.265625,94748.0546875
2025-05-06,96889.1796875,93399.859375,96802.4765625
2025-05-07,97625.8046875,95829.3359375,97032.3203125
2025-05-08,103969.5390625,96913.875,103241.4609375
2025-05-09,104297.4921875,102343.09375,102970.8515625
2025-05-10,104961.765625,102830.484375,104696.328125
2025-05-11,104937.9921875,103364.7421875,104106.359375
2025-05-12,105747.453125,100814.40625,102812.953125
2025-05-13,104997.421875,101515.09375,104169.8125
2025-05-14,104303.5625,102618.296875,103539.4140625
2025-05-15,104153.6171875,101440.8125,103744.640625
2025-05-16,104533.484375,103137.4765625,103489.2890625
2025-05-17,103716.9453125,102659.1796875,103191.0859375
2025-05-18,106597.171875,103142.6015625,106446.0078125
2025-05-19,107068.71875,102112.6875,105606.1796875
2025-05-20,107307.1171875,104206.515625,106791.0859375
2025-05-21,110724.4609375,106127.234375,109678.078125
2025-05-22,111970.171875,109285.0703125,111673.28125
2025-05-23,111798.90625,106841.3046875,107287.796875
2025-05-24,109454.5234375,106895.2890625,107791.15625
2025-05-25,109313.3046875,106683.375,109035.390625
2025-05-26,110376.8828125,108735.640625,109440.3671875
2025-05-27,110744.2109375,107609.5546875,108994.640625
2025-05-28,109298.2890625,106812.9296875,107802.328125
2025-05-29,108910.046875,105374.3984375,105641.7578125
2025-05-30,106308.9453125,103685.7890625,103998.5703125
2025-05-31,104927.1015625,103136.1171875,104638.09375
2025-06-01,105884.546875,103826.953125,105652.1015625
2025-06-02,105958.3125,103727.546875,105881.53125
2025-06-03,106813.578125,104920.84375,105432.46875
2025-06-04,105997.6953125,104232.703125,104731.984375
2025-06-05,105936.6875,100436.8828125,101575.953125
2025-06-06,105376.7734375,101169.5703125,104390.34375
2025-06-07,105972.7578125,103987.3125,105615.625
2025-06-08,106497.0625,105075.328125,105793.6484375
2025-06-09,110561.421875,105400.234375,110294.1015625
2025-06-10,110380.125,108367.7109375,110257.234375
2025-06-11,110384.21875,108086.328125,108686.625
2025-06-12,108780.6953125,105785.6875,105929.0546875
2025-06-13,106182.546875,102822.0234375,106090.96875
2025-06-14,106203.7578125,104379.3671875,105472.40625
2025-06-15,106157.1015625,104519.8828125,105552.0234375
2025-06-16,108915.375,104997.625,106796.7578125
2025-06-17,107750.1953125,103396.53125,104601.1171875
2025-06-18,105581.8515625,103602.265625,104883.328125
2025-06-19,105250.890625,103940.7734375,104684.2890625
2025-06-20,106539.3828125,102372.2109375,103309.6015625
2025-06-21,104015.78125,100973.0625,102257.40625
2025-06-22,103351.6328125,98286.203125,100987.140625
2025-06-23,106116.859375,99705.75,105577.7734375
2025-06-24,106316.828125,104740.2421875,106045.6328125
2025-06-25,108168.3984375,105881.390625,107361.2578125
2025-06-26,108305.546875,106666.3515625,106960
2025-06-27,107772.46875,106449.9921875,107088.4296875
2025-06-28,107567.8828125,106883.9765625,107327.703125
2025-06-29,108526.3046875,107230.109375,108385.5703125
2025-06-30,108798.7890625,106759.6484375,107135.3359375
2025-07-01,107550.6796875,105270.2265625,105698.28125
2025-07-02,109763.65625,105157.3984375,108859.3203125
2025-07-03,110541.4609375,108605.796875,109647.9765625
2025-07-04,109751.984375,107296.3828125,108034.3359375
2025-07-05,108381.34375,107842.2734375,108231.1796875
2025-07-06,109731.625,107847.015625,109232.0703125
2025-07-07,109710.25,107527.0546875,108299.8515625
2025-07-08,109198.96875,107499.5546875,108950.2734375
2025-07-09,111925.375,108357.6796875,111326.5546875
2025-07-10,116608.78125,110660.75,115987.203125
2025-07-11,118856.4765625,115245.6875,117516.9921875
2025-07-12,118219.8984375,116977.0234375,117435.2265625
2025-07-13,119449.5703125,117265.4375,119116.1171875
2025-07-14,123091.609375,118959.1953125,119849.703125
2025-07-15,119935.5625,115765.6875,117777.1875
2025-07-16,120065.515625,117064.8203125,118738.5078125
2025-07-17,120999.609375,117508.21875,119289.84375
2025-07-18,120851.9140625,116925.984375,118003.2265625
2025-07-19,118541.3984375,117388.4140625,117939.9765625
2025-07-20,118865.03125,116550.1328125,117300.7890625
2025-07-21,119671.5625,116584.3984375,117439.5390625
2025-07-22,120269.96875,116233.2265625,119995.4140625
2025-07-23,120113.3515625,117391.390625,118754.9609375
2025-07-24,119535.453125,117247.96875,118368
2025-07-25,118486.9765625,114759.8203125,117635.8828125
2025-07-26,118335.6875,117181.2265625,117947.3671875
2025-07-27,119815.59375,117859.6875,119448.4921875
2025-07-28,119819.7890625,117441.4375,117924.4765625
2025-07-29,119273.8671875,116987.3671875,117922.1484375
2025-07-30,118780.7265625,115800.828125,117831.1875
2025-07-31,118919.984375,115505.21875,115758.203125
2025-08-01,116060.7734375,112724.4453125,113320.0859375
2025-08-02,114021.6015625,112005.765625,112526.9140625
2025-08-03,114747.421875,111943.8046875,114217.671875
2025-08-04,115729.46875,114130.40625,115071.8828125
2025-08-05,115117.4375,112701.109375,114141.4453125
2025-08-06,115737.8359375,113372.25,115028
2025-08-07,117676.90625,114279.7109375,117496.8984375
2025-08-08,117689.203125,115917.4609375,116688.7265625
2025-08-09,117906.609375,116363.8359375,116500.359375
2025-08-10,119320.7109375,116485.1640625,119306.7578125
2025-08-11,122321.09375,118159.03125,118731.4453125
2025-08-12,120302.46875,118228.71875,120172.90625
2025-08-13,123682.453125,118939.6328125,123344.0625
2025-08-14,124457.1171875,117254.8828125,118359.578125
2025-08-15,119332.3125,116864.5703125,117398.3515625
2025-08-16,117996.0625,117271.953125,117491.3515625
2025-08-17,118595.7734375,117279.5234375,117453.0625
2025-08-18,117614.171875,114723.6796875,116252.3125
2025-08-19,116764.5,112730.3984375,112831.1796875
2025-08-20,114625.796875,112387.9609375,114274.7421875
2025-08-21,114802.6484375,111986.234375,112419.03125
2025-08-22,117377.3984375,111678.9453125,116874.0859375
2025-08-23,116996.25,114536.109375,115374.328125
2025-08-24,115615.0859375,111060.546875,113458.4296875
2025-08-25,113637.84375,109324.28125,110124.3515625
2025-08-26,112397.015625,108762.0390625,111802.65625
2025-08-27,112619.4140625,110398.265625,111222.0625
2025-08-28,113450.078125,110900.921875,112544.8046875
2025-08-29,112619.0546875,107559.625,108410.8359375
2025-08-30,108929.3515625,107444.4453125,108808.0703125
2025-08-31,109491,108104.65625,108236.7109375
2025-09-01,109890.5859375,107271.1796875,109250.59375
2025-09-02,111748.015625,108454.03125,111200.5859375
2025-09-03,112600.2265625,110582.9609375,111723.2109375
2025-09-04,112208.328125,109347.2265625,110723.6015625
2025-09-05,113357.4921875,110233.3984375,110650.984375
2025-09-06,111275.015625,110024.0859375,110224.6953125
2025-09-07,111591.078125,110211.625,111167.6171875
2025-09-08,112869.234375,110630.609375,112071.4296875
2025-09-09,113225.4375,110776.703125,111530.546875
2025-09-10,114275.25,110940.078125,113955.359375
2025-09-11,115522.546875,113453.8359375,115507.5390625
2025-09-12,116769.3828125,114794.484375,116101.578125
2025-09-13,116334.6328125,115248.2734375,115950.5078125
2025-09-14,116181.5,115222.3984375,115407.65625
2025-09-15,116747.8828125,114461.0625,115444.875
2025-09-16,117005.2734375,114813.09375,116843.1875
2025-09-17,117328.609375,114794.9765625,116468.5078125
2025-09-18,117911.7890625,116188.796875,117137.203125
2025-09-19,117479.7578125,115141.8203125,115688.859375
2025-09-20,116191.1484375,115473.5234375,115721.9609375
2025-09-21,115901.0859375,115252.578125,115306.09375
2025-09-22,115431.3125,112037.6484375,112748.5078125
2025-09-23,113351.9140625,111535.5703125,112014.5
2025-09-24,113986.2734375,111229.640625,113328.6328125
2025-09-25,113541.0859375,108713.3984375,109049.2890625
2025-09-26,110359.1953125,108728.9765625,109712.828125
2025-09-27,109778.5,109144.296875,109681.9453125
2025-09-28,112375.484375,109236.9453125,112122.640625
2025-09-29,114473.5703125,111589.953125,114400.3828125
2025-09-30,114836.6171875,112740.5625,114056.0859375
2025-10-01,118648.9296875,113981.3984375,118648.9296875
2025-10-02,121086.40625,118383.15625,120681.2578125
2025-10-03,123944.703125,119344.3125,122266.53125
2025-10-04,122857.640625,121577.5703125,122425.4296875
2025-10-05,125559.2109375,122191.9609375,123513.4765625
2025-10-06,126198.0703125,123196.046875,124752.53125
2025-10-07,125184.0234375,120681.96875,121451.3828125
2025-10-08,124167.09375,121119.1796875,123354.8671875
2025-10-09,123739.34375,119812.03125,121705.5859375
2025-10-10,122509.6640625,104582.4140625,113214.3671875
2025-10-11,113429.7265625,109760.5625,110807.8828125
2025-10-12,115805.0625,109715.5390625,115169.765625
2025-10-13,116020.484375,113821.1875,115271.078125
2025-10-14,115502.8828125,110029.484375,113118.6640625
2025-10-15,113622.3828125,110235.8359375,110783.1640625
2025-10-16,111990.8125,107537.03125,108186.0390625
2025-10-17,109235.8046875,103598.4296875,106467.7890625
2025-10-18,107490.984375,106387.453125,107198.265625
2025-10-19,109488.9921875,106157.7890625,108666.7109375
2025-10-20,111711.03125,107485.015625,110588.9296875
2025-10-21,113996.34375,107534.75,108476.890625
2025-10-22,109115.1328125,106778,107688.5859375
2025-10-23,111288.59375,107548.4296875,110069.7265625
2025-10-24,111842.53125,109770.1484375,111033.921875
2025-10-25,111947.703125,110704.40625,111641.7265625
2025-10-26,115260.90625,111268.484375,114472.4453125
2025-10-27,116273.3125,113882.2890625,114119.328125
2025-10-28,116078.984375,112291.6796875,112956.1640625
2025-10-29,113642.7265625,109368.71875,110055.3046875
2025-10-30,111612.3515625,106376.6875,108305.546875
2025-10-31,111031.8203125,108288.2734375,109556.1640625
2025-11-01,110574.8984375,109372.953125,110064.015625
2025-11-02,111167.3125,109523.453125,110639.625
2025-11-03,110764.9140625,105336.359375,106547.5234375
2025-11-04,107264.8828125,98962.0625,101590.5234375
2025-11-05,104534.703125,98989.9140625,103891.8359375
2025-11-06,104147.3046875,100336.8671875,101301.2890625
2025-11-07,104052.9140625,99257.0546875,103372.40625
2025-11-08,103373.5625,101458.0390625,102282.1171875
2025-11-09,105418.3671875,101468.875,104719.640625
2025-11-10,106564.6953125,104350.6484375,105996.59375
2025-11-11,107428.2578125,102457.328125,102997.46875
2025-11-12,105297.234375,100836.6171875,101663.1875
2025-11-13,104005.4921875,97988.71875,99697.4921875
2025-11-14,99804.4296875,94000.734375,94397.7890625
2025-11-15,96728.46875,94420.46875,95549.1484375
2025-11-16,96564.1875,92971.1640625,94177.078125
2025-11-17,95928.3671875,91214.7578125,92093.875
2025-11-18,93745.078125,89300.4609375,92948.875
2025-11-19,92946.1640625,88526.828125,91465.9921875
2025-11-20,93025.0703125,86040.796875,86631.8984375
2025-11-21,87380.8046875,80659.8125,85090.6875
2025-11-22,85503.0078125,83490.8984375,84648.359375
2025-11-23,88038.46875,84641.7734375,86805.0078125
2025-11-24,89206.3359375,85272.1953125,88270.5625
2025-11-25,88457.3359375,86131.4296875,87341.890625
2025-11-26,90581.15625,86316.8984375,90518.3671875
2025-11-27,91897.578125,90089.515625,91285.375
2025-11-28,92969.0859375,90257.1171875,90919.265625
2025-11-29,91187.6171875,90260.1875,90851.7578125
2025-11-30,91965.046875,90394.3125,90394.3125
2025-12-01,90398.15625,83862.25,86321.5703125
2025-12-02,92316.6328125,86202.1953125,91350.203125
2025-12-03,94060.7734375,91056.390625,93527.8046875
2025-12-04,94038.2421875,90976.1015625,92141.625
2025-12-05,92702.640625,88152.140625,89387.7578125
2025-12-06,90267.4609375,88951.6640625,89272.375
2025-12-07,91740.84375,87799.5625,90405.640625
2025-12-08,92267.1171875,89644.890625,90640.203125
2025-12-09,94601.5703125,89586.9765625,92691.7109375
2025-12-10,94477.15625,91640.1328125,92020.9453125
2025-12-11,93554.265625,89335.296875,92511.3359375
2025-12-12,92747.9296875,89532.6015625,90270.4140625
2025-12-13,90647.5703125,89800.9921875,90298.7109375
2025-12-14,90498.109375,87634.9375,88175.1796875
2025-12-15,89983.921875,85304.078125,86419.78125
2025-12-16,88170.09375,85381.6875,87843.984375
2025-12-17,90264.5703125,85316.265625,86143.7578125
2025-12-18,89412.6640625,84436.3125,85462.5078125
2025-12-19,89339.1171875,85107.6640625,88103.3828125
2025-12-20,88497.203125,87924.875,88344
2025-12-21,89027.953125,87613.203125,88621.75
2025-12-22,90501.9296875,87908.0703125,88490.015625
2025-12-23,88898.3828125,86606.9765625,87414
2025-12-24,87956.8828125,86411.796875,87611.9609375
2025-12-25,88501.7890625,86949.2578125,87234.7421875
2025-12-26,89459.4296875,86628.140625,87301.4296875
2025-12-27,87874.78125,87182.9765625,87802.15625
2025-12-28,87986.890625,87394.953125,87835.8359375
2025-12-29,90299.15625,86717.9140625,87138.140625
2025-12-30,89297.9375,86735.546875,88430.1328125
2025-12-31,89080.2890625,87130.5625,87508.828125
2026-01-01,88803.2265625,87399.40625,88731.984375
2026-01-02,90884.4609375,88298.6171875,89944.6953125
2026-01-03,90679.5703125,89328.0703125,90603.1875
2026-01-04,91712.5859375,90595.1015625,91413.4921875
2026-01-05,94762.0703125,91414.625,93882.5546875
2026-01-06,94395.296875,91286.546875,93729.03125
2026-01-07,93738.7890625,90601.8046875,91308.0546875
2026-01-08,91485.8515625,89233.875,91027.125
2026-01-09,91910.671875,89625.3828125,90513.1015625
2026-01-10,90713.03125,90283.3984375,90386.6484375
2026-01-11,91155.2265625,90212.0234375,90827.4609375
2026-01-12,92395.5234375,90055.0234375,91192.9921875
2026-01-13,96011.625,90941.9296875,95321.78125
2026-01-14,97860.6015625,94583.046875,96929.328125
2026-01-15,97150.171875,95103.2421875,95551.1875
2026-01-16,95801.890625,94259.2734375,95525.1171875
2026-01-17,95598.4765625,95005.6171875,95099.921875
2026-01-18,95491.5078125,93588.8671875,93634.4296875
2026-01-19,93660.828125,92089.25,92553.59375
2026-01-20,92798.4296875,87814.9296875,88310.90625
2026-01-21,90430.40625,87231.5703125,89376.9609375
2026-01-22,90258.9609375,88438.4453125,89462.453125
2026-01-23,91100.25,88486.359375,89503.875
2026-01-24,89811.609375,89044.2890625,89110.734375
2026-01-25,89193.1484375,86003.7109375,86572.21875
2026-01-26,88743.0703125,86429.2890625,88267.140625
2026-01-27,89427.125,87228.921875,89102.5703125
2026-01-28,90439.2890625,88721.4609375,89184.5703125
2026-01-29,89200.78125,83250.6015625,84561.5859375
2026-01-30,84602.1640625,81071.4765625,84128.65625
2026-01-31,84136.921875,75815.8828125,78621.1171875
2026-02-01,79322.609375,75698.8984375,76974.4453125
2026-02-02,79258.609375,74551.3359375,78688.765625
2026-02-03,79118.8515625,72897.140625,75633.546875
2026-02-04,76864.65625,71779.9296875,73019.703125
2026-02-05,73161.5546875,62353.53515625,62702.09765625
2026-02-06,71681.3046875,60074.203125,70555.390625
2026-02-07,71611.1484375,67364.4453125,69281.96875
2026-02-08,72206.90625,68852.8984375,70264.7265625
2026-02-09,71369.96875,68291.03125,70120.78125
2026-02-10,70464.265625,67913.09375,68793.9609375
2026-02-11,69242.6796875,65757.3046875,66991.96875
2026-02-12,68339.4921875,65092.109375,66221.84375
2026-02-13,69382.8359375,65835.78125,68857.84375
2026-02-14,70481.1640625,68706.6171875,69767.625
2026-02-15,70939.2890625,68052.546875,68788.1875
2026-02-16,70067.234375,67301.5859375,68843.15625
2026-02-17,69201.8671875,66615.28125,67494.21875
2026-02-18,68434.4296875,65845.8984375,66425.3203125
2026-02-19,67277.125,65637.4296875,66957.5234375
2026-02-20,68269.03125,66452.484375,68005.421875
2026-02-21,68657.703125,67533.0703125,68003.765625
2026-02-22,68235.2265625,67185.6015625,67659.390625
2026-02-23,67668.4296875,63924.4375,64616.73828125
2026-02-24,64992.15625,62553.1875,64080.04296875
2026-02-25,69953.53125,63942.484375,67960.125
2026-02-26,68843.3515625,66523.734375,67453.7734375
2026-02-27,68220.40625,64946.03515625,65881.796875
2026-02-28,67714.5234375,63062.21875,66995.859375
2026-03-01,68162.8203125,65076.73046875,65738.1015625
2026-03-02,70044,65303.13671875,68775.8515625
2026-03-03,69232.890625,66237.6171875,68293.6484375
2026-03-04,74051.8046875,67437.40625,72710.578125
2026-03-05,73555.7890625,70654.8828125,70841.125
2026-03-06,71378.5703125,67757.8203125,68136.4921875
2026-03-07,68515.1640625,66969.2578125,67272.59375
2026-03-08,68177.7890625,65639.1953125,65969.78125
2026-03-09,69474.9453125,65858.0078125,68402.3828125
2026-03-10,71770.8984375,68402.71875,69926.921875
2026-03-11,71337.6640625,68998.8671875,70204.8828125
2026-03-12,70775.828125,69230.15625,70493.4609375
2026-03-13,73927.328125,70410.7265625,70968.265625
2026-03-14,71291.203125,70339.5859375,71214.625
2026-03-15,73173.0078125,70882.421875,72789.9140625
2026-03-16,74901.859375,72300.6328125,74861.0859375
2026-03-17,75988.3984375,73444.2265625,73922.4765625
2026-03-18,74658.9765625,70503.859375,71245.578125
2026-03-19,71598.84375,68805.5234375,69912.7890625
2026-03-20,71346.796875,69398.8828125,70522.5859375
2026-03-21,71051.2734375,68602.9140625,68711.5234375
2026-03-22,69561.7734375,67372.875,67845.2109375
2026-03-23,71782.2578125,67458.84375,70914.859375
2026-03-24,71371.3046875,68920.6953125,70517.859375
2026-03-25,71985.7421875,70383.59375,71309.8828125
2026-03-26,71410.390625,68118.3515625,68791.625
2026-03-27,69117.53125,65532.5703125,66338.375
2026-03-28,67232.859375,65906.7421875,66319.6953125
2026-03-29,67052.953125,64971.70703125,65954.921875
2026-03-30,68087.2890625,65759.8046875,66691.4453125
2026-03-31,68495.2734375,65950.4375,68233.3125
2026-04-01,69230.359375,67555.359375,68078.5546875
2026-04-02,68633.1484375,65725.2578125,66888.5703125
2026-04-03,67296.234375,66281.5390625,66931.1015625
2026-04-04,67515.015625,66769.640625,67290.515625
2026-04-05,69087.65625,66610.6328125,68981.8984375
2026-04-06,70305.421875,68347.078125,68859.828125
2026-04-07,72732.4296875,67740.5078125,71940.703125
2026-04-08,72825.1875,70707.46875,71123.359375
2026-04-09,73107.265625,70486.359375,71767.828125
2026-04-10,73440.1171875,71434.828125,72979.046875
2026-04-11,73784.234375,72556.3359375,73054.2734375
2026-04-12,73154.03125,70540.5703125,70753.40625
2026-04-13,74896.3125,70588.5234375,74484.640625
2026-04-14,76061.7578125,73877.203125,74181.609375
2026-04-15,75409.2734375,73549.203125,74805.078125
2026-04-16,75506.5703125,73346.265625,75152.1328125
2026-04-17,78320.6796875,74558.6015625,77126.875
2026-04-18,77416.703125,75504.9453125,75726.2109375
2026-04-19,76243.09375,73802.3828125,73856.3515625
2026-04-20,76575.359375,73775.5703125,75872.5234375
2026-04-21,76881.4765625,74852.671875,76352.7734375
2026-04-22,79468,76159.578125,78203.1015625
2026-04-23,78676.9375,77014.453125,78268.953125
2026-04-24,78554.09375,77318.4453125,77455.3125
2026-04-25,77882.640625,77184.6640625,77612.015625
2026-04-26,78923.5625,77334.890625,78657.5390625
2026-04-27,79488.171875,76481.34375,77366.625
2026-04-28,77483.8671875,75673.6015625,76350.671875
2026-04-29,77884.96875,74958.5703125,75776.1328125
2026-04-30,76611.484375,75318.984375,76304.3203125
2026-05-01,78894.9765625,76294.6953125,78179
2026-05-02,79119.7890625,78031.9609375,78657.25
2026-05-03,79402.359375,78073.078125,78538.2265625
2026-05-04,80742.359375,78217.9609375,79827.90625
2026-05-05,81751.453125,79787.578125,80927.0546875
2026-05-06,82792.2109375,80751.0234375,81427.53125
2026-05-07,81684.953125,79522.65625,80009.9921875
2026-05-08,80447.265625,79205.515625,80186.765625
2026-05-09,81030.0625,80119.9296875,80664.3671875
2026-05-10,82430.171875,80274.1328125,82138.9296875
2026-05-11,82326.234375,80451.421875,81728.296875
2026-05-12,81753.03125,79832.1015625,80477.4921875
2026-05-13,81276.671875,78725.5078125,79277.1171875
2026-05-14,82005.9609375,78909.6796875,81051.25
2026-05-15,81634.84375,78635.3671875,79065.6796875
2026-05-16,79173.5,77630.734375,78131.4375
2026-05-17,78539.3984375,76783.4140625,77429.3515625
2026-05-18,77749.3203125,76029.2265625,76954.171875
2026-05-19,77346.8671875,76082.3671875,76750.90625
2026-05-20,77775.5703125,76463.6484375,77457.7734375
2026-05-21,78100.5625,76655.4375,77539.171875
2026-05-22,77819.453125,75323.875,75488.2421875
2026-05-23,77288.1171875,74255.234375,76673.3671875
2026-05-24,77372.5390625,76019.890625,76981.125
2026-05-25,77804.921875,76833.0390625,77279.9296875
2026-05-26,77990.8671875,75569.46875,75825.734375
2026-05-27,76014.296875,74136.5,74344.703125
2026-05-28,74460.125,72493.4140625,73536.5546875
2026-05-29,74218.5625,72435.625,73372.5234375
2026-05-30,74020.7578125,73125.234375,73754.8359375
2026-05-31,74153.5,73315.015625,73579.6875
2026-06-01,73969.5703125,70599.5078125,71319.7734375
2026-06-02,71334.953125,66127.265625,66703.65625
2026-06-03,67402.9296875,64009.67578125,64014.3671875
2026-06-04,64664.4453125,61335.75,63801.57421875
2026-06-05,63901.515625,59108.91796875,60922.66796875
2026-06-06,61491.703125,59496.625,60867.4140625
2026-06-07,64128.04296875,60724.06640625,63239.51953125
2026-06-08,64185.765625,62384.66796875,63090.58984375
2026-06-09,63486.08984375,60756.6875,61643.78125
2026-06-10,62788.27734375,60788.0234375,61449.2890625
2026-06-11,63851.94921875,61447.96875,63561.0546875
2026-06-12,64334.015625,62778.79296875,63543.19921875
2026-06-13,64700.87890625,63431.3203125,64421.32421875
2026-06-14,65749.78125,63634.0234375,65710.3984375
2026-06-15,67248.1328125,65315.8359375,66289.5
2026-06-16,66928.609375,65315.0703125,65600.640625
2026-06-17,66354.625,63870.9296875,64418.4453125
2026-06-18,64736.921875,62201.14453125,62896.47265625
2026-06-19,63568.22265625,62275.58203125,63540.8359375
2026-06-20,64307.13671875,63149.66015625,64239.67578125
2026-06-21,64506.578125,63221,63237.5390625
2026-06-22,65544,63233.53125,63952.10546875
2026-06-23,64196.5625,61893.20703125,62668.01953125
2026-06-24,63097.7578125,59029.85546875,60995.1328125
2026-06-25,61868.90625,58075.921875,59721.67578125
2026-06-26,60647.1875,58269.125,60016.4296875
2026-06-27,60835.046875,59794.62109375,59940.09765625
2026-06-28,60432.70703125,58879.6328125,59532.33984375
2026-06-29,60682.33984375,58856.1875,60138.37890625
2026-06-30,60173.21875,58111.671875,58558.859375
2026-07-01,61223.76953125,57747.765625,60003.7578125
2026-07-02,62117.875,59532.32421875,61485.30078125
2026-07-03,62879.0078125,61176.72265625,62544.19921875
2026-07-04,63398.41015625,62287.5859375,63088.3046875
2026-07-05,63935.84765625,62413.9921875,63547.8828125
2026-07-06,64597.5703125,61275.828125,63995.015625
2026-07-07,64257.6328125,62623.93359375,63297.39453125
2026-07-08,63706.88671875,61492.6484375,62257.57421875
2026-07-09,63422.94140625,61645.75390625,63193.1484375
2026-07-10,64658.96875,62902.0625,64127.140625
2026-07-11,64445.4609375,63785.62109375,63802.02734375
2026-07-12,64243.1328125,63606.82421875,63758.21875
2026-07-13,64340.8828125,61769,62239.12109375
2026-07-14,65046.1328125,62207.5234375,64956.11328125
2026-07-15,65507.59375,64442.8203125,64712.375
2026-07-16,64931.85546875,63701.8046875,63789.28125
2026-07-17,64332.01953125,62489.453125,63899.4609375
2026-07-18,64816.50390625,63845.015625,64796.6015625
2026-07-19,64909.88671875,64250.9140625,64690.8046875
2026-07-20,65735.71875,63720.390625,65230.02734375
2026-07-21,66910.0625,65113.65625,66505.125
2026-07-22,66694.6484375,65514.17578125,66100.796875
2026-07-23,66282.3828125,64610.609375,65044.8125
2026-07-24,65760.484375,63686.03515625,64098.49609375
2026-07-25,64386.0625,63753.02734375,64311.8125
2026-07-26,65503.76953125,64233.453125,65340.30078125
2026-07-27,65658.3359375,63562.484375,63724.8984375
2026-07-28,64026.921875,62714.8046875,63871.36328125
2026-07-29,64638.6953125,63206.2109375,63908.16796875
2026-07-30,65071.4453125,63533.90625,64725.30859375
2026-07-31,65328.18359375,62410.8671875,62813.74609375
2026-08-01,63091.59765625,62233.01171875,62763.3203125
2026-08-02,63714.61328125,62745.25390625,63482
2026-08-03,64020.32421875,62226.578125,63460.8984375
2026-08-04,64466.9375,63277.68359375,64055.953125
2026-08-05,64954.34765625,63829.71875,64597.5
2026-08-06,64934.4921875,64098.4765625,64262.11328125
2026-08-07,65330.609375,64113.2734375,64880.19140625
2026-08-08,65140.48046875,64797.11328125,64904.6875
2026-08-09,65401.69140625,64677.6015625,64844.88671875
2026-08-10,65321.83984375,63752.56640625,63910.5859375
2026-08-11,64433.6796875,63185.47265625,63551.875
2026-08-12,64381.078125,63251.11328125,63402.43359375
2026-08-13,63926.33203125,62799.2890625,63402.171875
2026-08-14,63551.5625,62487.69921875,62975.59375
2026-08-15,63119.1328125,62850.9609375,63024.3203125
2026-08-16,63310.77734375,62648.57421875,62818.65234375
2026-08-17,64547.84765625,62687.1015625,64506.25390625
2026-08-18,64987.7109375,63980.32421875,64680.7109375
2026-08-19,69996.953125,64111.0703125,69266.1875
2026-08-20,73369.8046875,68867.53125,73032.7578125
2026-08-21,79463.7109375,73011.4140625,78335.1875
2026-08-22,78801.1484375,76526.7109375,77083.4140625
2026-08-23,78036.8671875,75624.9453125,77755.265625
2026-08-24,79970.109375,76688.828125,78964.484375
2026-08-25,81235.03125,77870.625,78564.9765625
2026-08-26,79240.5,77639.8359375,79027.421875
2026-08-27,80806.5625,78591.1015625,80257.5390625
2026-08-28,81346.953125,76909.3515625,77830.2890625
2026-08-29,78327.9453125,77381.8984375,78245.8125
2026-08-30,79373.1796875,77056.1484375,77667.5703125
2026-08-31,79247.34375,77378.4375,78548.6328125
2026-09-01,79196.515625,76399.0625,77403.625
2026-09-02,77737.546875,76248.3046875,77300.4765625
2026-09-03,82262.2109375,76940.8828125,81271.7421875
2026-09-04,81433.1484375,78641.625,79671.96875
2026-09-05,80194.5078125,79465.0625,79823.8671875
2026-09-06,80530.6484375,79327.5,80350.046875
2026-09-07,80432.3125,78684.9296875,79115.8515625
2026-09-08,79463.2734375,77635.6875,78438.578125
2026-09-09,79737.296875,77768.1484375,78259.5234375
2026-09-10,78520.96875,76470.640625,76568.125
2026-09-11,79818.3359375,76162.9140625,77173.796875
2026-09-12,77479.65625,77045,77270.46875
2026-09-13,77415.65625,76498.3828125,76838.15625
2026-09-14,79568.953125,76367.375,78163.3828125
2026-09-15,78242.546875,74944.59375,75612.5078125
2026-09-16,76474.078125,74995.5234375,76150.3203125
2026-09-17,77079.1640625,75945.5546875,76403.7734375
2026-09-18,81331.765625,76228.328125,80901.4609375
2026-09-19,81911.140625,80814.9375,81233.6796875
2026-09-20,81455.203125,80098.7734375,81142.609375
2026-09-21,87363.7578125,80867.0859375,86602.9140625
2026-09-22,86700,85098.0078125,86172.28125
2026-09-23,87265.4921875,83519.734375,84383.0078125
2026-09-24,84876.2265625,82906.6171875,84379.0625
2026-09-25,85230.0546875,83165.53125,84034.921875
2026-09-26,84423.1796875,83781.109375,84406.453125
2026-09-27,85126.109375,84121.328125,84458.0859375
2026-09-28,84972.6640625,82570.71875,83502.609375
2026-09-29,84511.28125,82739.09375,83622.4296875
2026-09-30,85599.8046875,82927.875,83553.8515625
2026-10-01,85224.2734375,83132.7578125,84853.1015625
2026-10-02,87146.3515625,83852.6953125,84497.2109375
2026-10-03,85019.328125,84429.6484375,84763.578125
2026-10-04,86766.1484375,84707.3203125,86480.3046875
2026-10-05,86971.78125,84971.8671875,85786.59375
2026-10-06,86664.5390625,85119.5546875,85557.5625
2026-10-07,85594.546875,82771.7890625,83275.9296875
2026-10-08,83427.1171875,82469.453125,82780.328125
